,ds,t,trend,seasonal_lower,seasonal_upper,trend_lower,trend_upper,yhat_lower,yhat_upper,weekly,weekly_lower,weekly_upper,seasonal,yhat
0,2016-06-11,0.0,2.60751187776,-0.00164568530171,-0.00164568530171,2.60751187776,2.60751187776,2.28089516915,2.94495839206,-0.00164568530171,-0.00164568530171,-0.00164568530171,-0.00164568530171,2.60586619246
1,2016-06-12,0.00276243093923,2.57517770329,-0.0113902612425,-0.0113902612425,2.57517770329,2.57517770329,2.25783475906,2.8864160203,-0.0113902612425,-0.0113902612425,-0.0113902612425,-0.0113902612425,2.56378744205
2,2016-06-13,0.00552486187845,2.54284352881,-0.0120181735173,-0.0120181735173,2.54284352881,2.54284352881,2.18230994699,2.85162465361,-0.0120181735173,-0.0120181735173,-0.0120181735173,-0.0120181735173,2.53082535529
3,2016-06-14,0.00828729281768,2.51050935434,0.0169020343757,0.0169020343757,2.51050935434,2.51050935434,2.22644858393,2.83547320635,0.0169020343757,0.0169020343757,0.0169020343757,0.0169020343757,2.52741138871
4,2016-06-15,0.0110497237569,2.47817517986,0.0157095238346,0.0157095238346,2.47817517986,2.47817517986,2.17378541467,2.82890593433,0.0157095238346,0.0157095238346,0.0157095238346,0.0157095238346,2.49388470369
5,2016-06-16,0.0138121546961,2.44584100538,-0.000525097159514,-0.000525097159514,2.44584100538,2.44584100538,2.12213026385,2.74942206377,-0.000525097159514,-0.000525097159514,-0.000525097159514,-0.000525097159514,2.44531590822
6,2016-06-17,0.0165745856354,2.41350683091,-0.00703234098932,-0.00703234098932,2.41350683091,2.41350683091,2.07819168699,2.7293664388,-0.00703234098932,-0.00703234098932,-0.00703234098932,-0.00703234098932,2.40647448992
7,2016-06-18,0.0193370165746,2.38117265643,-0.0016456853017,-0.0016456853017,2.38117265643,2.38117265643,2.0502906857,2.68732575048,-0.0016456853017,-0.0016456853017,-0.0016456853017,-0.0016456853017,2.37952697113
8,2016-06-19,0.0220994475138,2.34883848195,-0.0113902612425,-0.0113902612425,2.34883848195,2.34883848195,2.03002922782,2.65641382305,-0.0113902612425,-0.0113902612425,-0.0113902612425,-0.0113902612425,2.33744822071
9,2016-06-20,0.024861878453,2.31650430748,-0.0120181735173,-0.0120181735173,2.31650430748,2.31650430748,1.99001874003,2.61769090606,-0.0120181735173,-0.0120181735173,-0.0120181735173,-0.0120181735173,2.30448613396
10,2016-06-21,0.0276243093923,2.284170133,0.0169020343757,0.0169020343757,2.284170133,2.284170133,1.9946147272,2.61024939112,0.0169020343757,0.0169020343757,0.0169020343757,0.0169020343757,2.30107216738
11,2016-06-22,0.0303867403315,2.25183595852,0.0157095238346,0.0157095238346,2.25183595852,2.25183595852,1.94365248616,2.57578093631,0.0157095238346,0.0157095238346,0.0157095238346,0.0157095238346,2.26754548236
12,2016-06-23,0.0331491712707,2.21950178368,-0.000525097159539,-0.000525097159539,2.21950178368,2.21950178368,1.9000279773,2.54144150708,-0.000525097159539,-0.000525097159539,-0.000525097159539,-0.000525097159539,2.21897668652
13,2016-07-01,0.0552486187845,1.96082838492,-0.00703234098933,-0.00703234098933,1.96082838492,1.96082838492,1.62547313606,2.26918046542,-0.00703234098933,-0.00703234098933,-0.00703234098933,-0.00703234098933,1.95379604393
14,2016-07-02,0.0580110497238,1.92849421007,-0.00164568530171,-0.00164568530171,1.92849421007,1.92849421007,1.60437550411,2.24680957495,-0.00164568530171,-0.00164568530171,-0.00164568530171,-0.00164568530171,1.92684852477
15,2016-07-03,0.060773480663,1.89616003523,-0.0113902612425,-0.0113902612425,1.89616003523,1.89616003523,1.5198044679,2.19925072726,-0.0113902612425,-0.0113902612425,-0.0113902612425,-0.0113902612425,1.88476977399
16,2016-07-04,0.0635359116022,1.86382586038,-0.0120181735173,-0.0120181735173,1.86382586038,1.86382586038,1.53389996174,2.15285099379,-0.0120181735173,-0.0120181735173,-0.0120181735173,-0.0120181735173,1.85180768687
17,2016-07-05,0.0662983425414,1.83149168554,0.0169020343757,0.0169020343757,1.83149168554,1.83149168554,1.54367706228,2.16525655392,0.0169020343757,0.0169020343757,0.0169020343757,0.0169020343757,1.84839371991
18,2016-07-06,0.0690607734807,1.79915751069,0.0157095238346,0.0157095238346,1.79915751069,1.79915751069,1.51186641945,2.15112230236,0.0157095238346,0.0157095238346,0.0157095238346,0.0157095238346,1.81486703453
19,2016-07-07,0.0718232044199,1.76682333585,-0.000525097159513,-0.000525097159513,1.76682333585,1.76682333585,1.45394738646,2.10435331031,-0.000525097159513,-0.000525097159513,-0.000525097159513,-0.000525097159513,1.76629823869
20,2016-07-08,0.0745856353591,1.734489161,-0.00703234098932,-0.00703234098932,1.734489161,1.734489161,1.40753759279,2.03371342306,-0.00703234098932,-0.00703234098932,-0.00703234098932,-0.00703234098932,1.72745682001
21,2016-07-09,0.0773480662983,1.70215498616,-0.00164568530172,-0.00164568530172,1.70215498616,1.70215498616,1.36090508099,2.02676344397,-0.00164568530172,-0.00164568530172,-0.00164568530172,-0.00164568530172,1.70050930086
22,2016-07-10,0.0801104972376,1.6825086078,-0.0113902612424,-0.0113902612424,1.6825086078,1.6825086078,1.34992904654,2.00946778032,-0.0113902612424,-0.0113902612424,-0.0113902612424,-0.0113902612424,1.67111834656
23,2016-07-11,0.0828729281768,1.66286222944,-0.0120181735173,-0.0120181735173,1.66286222944,1.66286222944,1.33043819188,1.95990574679,-0.0120181735173,-0.0120181735173,-0.0120181735173,-0.0120181735173,1.65084405592
24,2016-07-12,0.085635359116,1.64321585108,0.0169020343757,0.0169020343757,1.64321585108,1.64321585108,1.35219633671,1.99946028772,0.0169020343757,0.0169020343757,0.0169020343757,0.0169020343757,1.66011788545
25,2016-07-13,0.0883977900552,1.62356947272,0.0157095238346,0.0157095238346,1.62356947272,1.62356947272,1.30778765932,1.96225849382,0.0157095238346,0.0157095238346,0.0157095238346,0.0157095238346,1.63927899655
26,2016-07-14,0.0911602209945,1.60392309436,-0.000525097159539,-0.000525097159539,1.60392309436,1.60392309436,1.28536177595,1.92320608102,-0.000525097159539,-0.000525097159539,-0.000525097159539,-0.000525097159539,1.6033979972
27,2016-07-15,0.0939226519337,1.584276716,-0.00703234098931,-0.00703234098931,1.584276716,1.584276716,1.25189042872,1.91145208087,-0.00703234098931,-0.00703234098931,-0.00703234098931,-0.00703234098931,1.57724437501
28,2016-07-16,0.0966850828729,1.56463033764,-0.00164568530172,-0.00164568530172,1.56463033764,1.56463033764,1.23742632385,1.88346067266,-0.00164568530172,-0.00164568530172,-0.00164568530172,-0.00164568530172,1.56298465234
29,2016-07-17,0.0994475138122,1.54498395928,-0.0113902612424,-0.0113902612424,1.54498395928,1.54498395928,1.22990551041,1.85291619842,-0.0113902612424,-0.0113902612424,-0.0113902612424,-0.0113902612424,1.53359369803
30,2016-07-18,0.102209944751,1.52533758092,-0.0120181735173,-0.0120181735173,1.52533758092,1.52533758092,1.17745369283,1.84859077331,-0.0120181735173,-0.0120181735173,-0.0120181735173,-0.0120181735173,1.5133194074
31,2016-07-19,0.104972375691,1.50569120256,0.0169020343758,0.0169020343758,1.50569120256,1.50569120256,1.22983078784,1.84042214324,0.0169020343758,0.0169020343758,0.0169020343758,0.0169020343758,1.52259323693
32,2016-07-20,0.10773480663,1.4860448242,0.0157095238346,0.0157095238346,1.4860448242,1.4860448242,1.16039958872,1.8256698409,0.0157095238346,0.0157095238346,0.0157095238346,0.0157095238346,1.50175434803
33,2016-07-21,0.110497237569,1.48225780323,-0.000525097159509,-0.000525097159509,1.48225780323,1.48225780323,1.16737558028,1.80883558218,-0.000525097159509,-0.000525097159509,-0.000525097159509,-0.000525097159509,1.48173270607
34,2016-07-22,0.113259668508,1.47847078226,-0.00703234098934,-0.00703234098934,1.47847078226,1.47847078226,1.16810824608,1.78853960912,-0.00703234098934,-0.00703234098934,-0.00703234098934,-0.00703234098934,1.47143844127
35,2016-07-23,0.116022099448,1.4746837613,-0.00164568530172,-0.00164568530172,1.4746837613,1.4746837613,1.16018942452,1.81105354024,-0.00164568530172,-0.00164568530172,-0.00164568530172,-0.00164568530172,1.47303807599
36,2016-07-24,0.118784530387,1.47089674033,-0.0113902612425,-0.0113902612425,1.47089674033,1.47089674033,1.12948970284,1.78664297306,-0.0113902612425,-0.0113902612425,-0.0113902612425,-0.0113902612425,1.45950647909
37,2016-07-25,0.121546961326,1.46710971936,-0.0120181735173,-0.0120181735173,1.46710971936,1.46710971936,1.14423944324,1.75444969721,-0.0120181735173,-0.0120181735173,-0.0120181735173,-0.0120181735173,1.45509154585
38,2016-07-26,0.124309392265,1.4633226984,0.0169020343758,0.0169020343758,1.4633226984,1.4633226984,1.15181961521,1.80320519684,0.0169020343758,0.0169020343758,0.0169020343758,0.0169020343758,1.48022473277
39,2016-07-27,0.127071823204,1.45953567743,0.0157095238346,0.0157095238346,1.45953567743,1.45953567743,1.14271448317,1.78678965304,0.0157095238346,0.0157095238346,0.0157095238346,0.0157095238346,1.47524520126
40,2016-07-28,0.129834254144,1.45574865646,-0.000525097159524,-0.000525097159524,1.45574865646,1.45574865646,1.11569057565,1.77168921,-0.000525097159524,-0.000525097159524,-0.000525097159524,-0.000525097159524,1.4552235593
41,2016-07-29,0.132596685083,1.4519616355,-0.00703234098931,-0.00703234098931,1.4519616355,1.4519616355,1.14453477886,1.74988089796,-0.00703234098931,-0.00703234098931,-0.00703234098931,-0.00703234098931,1.44492929451
42,2016-07-30,0.135359116022,1.44817461453,-0.0016456853017,-0.0016456853017,1.44817461453,1.44817461453,1.13772348974,1.7937267906,-0.0016456853017,-0.0016456853017,-0.0016456853017,-0.0016456853017,1.44652892923
43,2016-07-31,0.138121546961,1.44438759356,-0.0113902612425,-0.0113902612425,1.44438759356,1.44438759356,1.1253717993,1.74144496902,-0.0113902612425,-0.0113902612425,-0.0113902612425,-0.0113902612425,1.43299733232
44,2016-08-01,0.140883977901,1.44060057273,-0.0120181735173,-0.0120181735173,1.44060057273,1.44060057273,1.1085471471,1.74332560725,-0.0120181735173,-0.0120181735173,-0.0120181735173,-0.0120181735173,1.42858239921
45,2016-08-02,0.14364640884,1.43681355189,0.0169020343757,0.0169020343757,1.43681355189,1.43681355189,1.13563346406,1.7760659755,0.0169020343757,0.0169020343757,0.0169020343757,0.0169020343757,1.45371558626
46,2016-08-03,0.146408839779,1.43302653105,0.0157095238346,0.0157095238346,1.43302653105,1.43302653105,1.12466406909,1.75025834256,0.0157095238346,0.0157095238346,0.0157095238346,0.0157095238346,1.44873605488
47,2016-08-04,0.149171270718,1.42923951021,-0.000525097159528,-0.000525097159528,1.42923951021,1.42923951021,1.12156538433,1.73535636378,-0.000525097159528,-0.000525097159528,-0.000525097159528,-0.000525097159528,1.42871441305
48,2016-08-05,0.151933701657,1.42545248938,-0.00703234098932,-0.00703234098932,1.42545248938,1.42545248938,1.09643986168,1.7338816032,-0.00703234098932,-0.00703234098932,-0.00703234098932,-0.00703234098932,1.41842014839
49,2016-08-06,0.154696132597,1.42166546854,-0.0016456853017,-0.0016456853017,1.42166546854,1.42166546854,1.09018532531,1.7215214116,-0.0016456853017,-0.0016456853017,-0.0016456853017,-0.0016456853017,1.42001978324
50,2016-08-07,0.157458563536,1.4178784477,-0.0113902612425,-0.0113902612425,1.4178784477,1.4178784477,1.10218860459,1.73216587799,-0.0113902612425,-0.0113902612425,-0.0113902612425,-0.0113902612425,1.40648818646
51,2016-08-08,0.160220994475,1.41409142686,-0.0120181735173,-0.0120181735173,1.41409142686,1.41409142686,1.10735863533,1.72288105721,-0.0120181735173,-0.0120181735173,-0.0120181735173,-0.0120181735173,1.40207325335
52,2016-08-09,0.162983425414,1.41030440603,0.0169020343758,0.0169020343758,1.41030440603,1.41030440603,1.09384356958,1.74467376344,0.0169020343758,0.0169020343758,0.0169020343758,0.0169020343758,1.4272064404
53,2016-08-10,0.165745856354,1.40651738519,0.0157095238346,0.0157095238346,1.40651738519,1.40651738519,1.09339877151,1.75981785543,0.0157095238346,0.0157095238346,0.0157095238346,0.0157095238346,1.42222690902
54,2016-08-11,0.168508287293,1.40273036435,-0.000525097159553,-0.000525097159553,1.40273036435,1.40273036435,1.09275427934,1.72931252942,-0.000525097159553,-0.000525097159553,-0.000525097159553,-0.000525097159553,1.40220526719
55,2016-08-12,0.171270718232,1.39894334354,-0.00703234098934,-0.00703234098934,1.39894334354,1.39894334354,1.08026414587,1.70254980245,-0.00703234098934,-0.00703234098934,-0.00703234098934,-0.00703234098934,1.39191100255
56,2016-08-13,0.174033149171,1.39515632272,-0.00164568530171,-0.00164568530171,1.39515632272,1.39515632272,1.08166720412,1.6935329986,-0.00164568530171,-0.00164568530171,-0.00164568530171,-0.00164568530171,1.39351063742
57,2016-08-14,0.17679558011,1.39136930191,-0.0113902612425,-0.0113902612425,1.39136930191,1.39136930191,1.06841269697,1.7063317486,-0.0113902612425,-0.0113902612425,-0.0113902612425,-0.0113902612425,1.37997904067
58,2016-08-15,0.17955801105,1.3875822811,-0.0120181735173,-0.0120181735173,1.3875822811,1.3875822811,1.03741920778,1.6996100656,-0.0120181735173,-0.0120181735173,-0.0120181735173,-0.0120181735173,1.37556410758
59,2016-08-16,0.182320441989,1.38379526028,0.0169020343757,0.0169020343757,1.38379526028,1.38379526028,1.07112861997,1.72319769579,0.0169020343757,0.0169020343757,0.0169020343757,0.0169020343757,1.40069729466
60,2016-08-17,0.185082872928,1.38000823947,0.0157095238346,0.0157095238346,1.38000823947,1.38000823947,1.08977781584,1.72717605356,0.0157095238346,0.0157095238346,0.0157095238346,0.0157095238346,1.39571776331
61,2016-08-18,0.187845303867,1.37622121866,-0.000525097159523,-0.000525097159523,1.37622121866,1.37622121866,1.03410646546,1.69182620931,-0.000525097159523,-0.000525097159523,-0.000525097159523,-0.000525097159523,1.3756961215
62,2016-08-19,0.190607734807,1.37243419784,-0.00703234098932,-0.00703234098932,1.37243419784,1.37243419784,1.05897348806,1.68272587772,-0.00703234098932,-0.00703234098932,-0.00703234098932,-0.00703234098932,1.36540185686
63,2016-08-20,0.193370165746,1.36864717703,-0.00164568530172,-0.00164568530172,1.36864717703,1.36864717703,1.05669953451,1.69565735878,-0.00164568530172,-0.00164568530172,-0.00164568530172,-0.00164568530172,1.36700149173
64,2016-08-21,0.196132596685,1.36486015622,-0.0113902612425,-0.0113902612425,1.36486015622,1.36486015622,1.04579357036,1.67762263311,-0.0113902612425,-0.0113902612425,-0.0113902612425,-0.0113902612425,1.35346989498
65,2016-08-22,0.198895027624,1.36107313527,-0.0120181735173,-0.0120181735173,1.36107313527,1.36107313527,1.04498645208,1.64532288927,-0.0120181735173,-0.0120181735173,-0.0120181735173,-0.0120181735173,1.34905496175
66,2016-08-23,0.201657458564,1.35728611432,0.0169020343757,0.0169020343757,1.35728611432,1.35728611432,1.04908694668,1.68214487973,0.0169020343757,0.0169020343757,0.0169020343757,0.0169020343757,1.3741881487
67,2016-08-24,0.204419889503,1.35349909337,0.0157095238346,0.0157095238346,1.35349909337,1.35349909337,1.05038348745,1.69580408542,0.0157095238346,0.0157095238346,0.0157095238346,0.0157095238346,1.3692086172
68,2016-08-25,0.207182320442,1.34971207242,-0.000525097159538,-0.000525097159538,1.34971207242,1.34971207242,1.03082017971,1.67638754472,-0.000525097159538,-0.000525097159538,-0.000525097159538,-0.000525097159538,1.34918697526
69,2016-08-26,0.209944751381,1.34592505147,-0.00703234098932,-0.00703234098932,1.34592505147,1.34592505147,1.01812315476,1.66668063923,-0.00703234098932,-0.00703234098932,-0.00703234098932,-0.00703234098932,1.33889271048
70,2016-08-27,0.21270718232,1.34213803052,-0.00164568530171,-0.00164568530171,1.34213803052,1.34213803052,1.02327351726,1.65473009218,-0.00164568530171,-0.00164568530171,-0.00164568530171,-0.00164568530171,1.34049234522
71,2016-08-28,0.21546961326,1.33835100957,-0.0113902612424,-0.0113902612424,1.33835100957,1.33835100957,1.01853806684,1.63310439867,-0.0113902612424,-0.0113902612424,-0.0113902612424,-0.0113902612424,1.32696074833
72,2016-08-29,0.218232044199,1.33456398862,-0.0120181735173,-0.0120181735173,1.33456398862,1.33456398862,1.01200604014,1.63703686167,-0.0120181735173,-0.0120181735173,-0.0120181735173,-0.0120181735173,1.32254581511
73,2016-08-30,0.220994475138,1.33077696767,0.0169020343757,0.0169020343757,1.33077696767,1.33077696767,1.01747655546,1.66281061606,0.0169020343757,0.0169020343757,0.0169020343757,0.0169020343757,1.34767900205
74,2016-08-31,0.223756906077,1.32698994672,0.0157095238346,0.0157095238346,1.32698994672,1.32698994672,1.00675240534,1.65159375742,0.0157095238346,0.0157095238346,0.0157095238346,0.0157095238346,1.34269947056
75,2016-09-01,0.226519337017,1.32320292577,-0.000525097159553,-0.000525097159553,1.32320292577,1.32320292577,1.01989000275,1.64647895361,-0.000525097159553,-0.000525097159553,-0.000525097159553,-0.000525097159553,1.32267782861
76,2016-09-04,0.234806629834,1.31184186459,-0.0113902612425,-0.0113902612425,1.31184186459,1.31184186459,0.963760988333,1.6213617143,-0.0113902612425,-0.0113902612425,-0.0113902612425,-0.0113902612425,1.30045160335
77,2016-09-05,0.237569060773,1.3080548442,-0.0120181735173,-0.0120181735173,1.3080548442,1.3080548442,0.983691737132,1.60968941919,-0.0120181735173,-0.0120181735173,-0.0120181735173,-0.0120181735173,1.29603667068
78,2016-09-06,0.240331491713,1.3042678238,0.0169020343757,0.0169020343757,1.3042678238,1.3042678238,0.994282481282,1.66028837394,0.0169020343757,0.0169020343757,0.0169020343757,0.0169020343757,1.32116985818
79,2016-09-07,0.243093922652,1.30048080341,0.0157095238346,0.0157095238346,1.30048080341,1.30048080341,1.01080731411,1.62524109756,0.0157095238346,0.0157095238346,0.0157095238346,0.0157095238346,1.31619032724
80,2016-09-08,0.245856353591,1.29669378301,-0.000525097159534,-0.000525097159534,1.29669378301,1.29669378301,0.981188269762,1.60940335104,-0.000525097159534,-0.000525097159534,-0.000525097159534,-0.000525097159534,1.29616868585
81,2016-09-09,0.24861878453,1.29290676262,-0.00703234098935,-0.00703234098935,1.29290676262,1.29290676262,0.975704192088,1.61777121742,-0.00703234098935,-0.00703234098935,-0.00703234098935,-0.00703234098935,1.28587442163
82,2016-09-10,0.25138121547,1.28911974222,-0.00164568530171,-0.00164568530171,1.28911974222,1.28911974222,0.94540143305,1.59510650953,-0.00164568530171,-0.00164568530171,-0.00164568530171,-0.00164568530171,1.28747405692
83,2016-09-11,0.254143646409,1.28533272183,-0.0113902612425,-0.0113902612425,1.28533272183,1.28533272183,0.965843395986,1.61576932109,-0.0113902612425,-0.0113902612425,-0.0113902612425,-0.0113902612425,1.27394246059
84,2016-09-12,0.256906077348,1.28154570143,-0.0120181735173,-0.0120181735173,1.28154570143,1.28154570143,0.951444898883,1.59480472977,-0.0120181735173,-0.0120181735173,-0.0120181735173,-0.0120181735173,1.26952752792
85,2016-09-13,0.259668508287,1.27775868104,0.0169020343757,0.0169020343757,1.27775868104,1.27775868104,0.916767683235,1.61285050009,0.0169020343757,0.0169020343757,0.0169020343757,0.0169020343757,1.29466071541
86,2016-09-14,0.262430939227,1.27397166064,0.0157095238346,0.0157095238346,1.27397166064,1.27397166064,0.969806923485,1.61144610603,0.0157095238346,0.0157095238346,0.0157095238346,0.0157095238346,1.28968118448
87,2016-09-15,0.265193370166,1.27018464089,-0.000525097159538,-0.000525097159538,1.27018464089,1.27018464089,0.945402364627,1.58056921611,-0.000525097159538,-0.000525097159538,-0.000525097159538,-0.000525097159538,1.26965954373
88,2016-09-16,0.267955801105,1.26639762114,-0.00703234098932,-0.00703234098932,1.26639762114,1.26639762114,0.946999769776,1.57690365788,-0.00703234098932,-0.00703234098932,-0.00703234098932,-0.00703234098932,1.25936528015
89,2016-09-17,0.270718232044,1.26261060138,-0.0016456853017,-0.0016456853017,1.26261060138,1.26261060138,0.938449286321,1.56669650208,-0.0016456853017,-0.0016456853017,-0.0016456853017,-0.0016456853017,1.26096491608
90,2016-09-18,0.273480662983,1.25882358163,-0.0113902612425,-0.0113902612425,1.25882358163,1.25882358163,0.929024192563,1.57560927094,-0.0113902612425,-0.0113902612425,-0.0113902612425,-0.0113902612425,1.24743332039
91,2016-09-19,0.276243093923,1.25503656188,-0.0120181735173,-0.0120181735173,1.25503656188,1.25503656188,0.9163812384,1.54378673558,-0.0120181735173,-0.0120181735173,-0.0120181735173,-0.0120181735173,1.24301838836
92,2016-09-20,0.279005524862,1.25124954213,0.0169020343757,0.0169020343757,1.25124954213,1.25124954213,0.948292115969,1.61982432367,0.0169020343757,0.0169020343757,0.0169020343757,0.0169020343757,1.2681515765
93,2016-09-21,0.281767955801,1.24746252237,0.0157095238346,0.0157095238346,1.24746252237,1.24746252237,0.958472210609,1.56116163551,0.0157095238346,0.0157095238346,0.0157095238346,0.0157095238346,1.26317204621
94,2016-09-22,0.28453038674,1.24367550262,-0.000525097159563,-0.000525097159563,1.24367550262,1.24367550262,0.912966260592,1.56725677,-0.000525097159563,-0.000525097159563,-0.000525097159563,-0.000525097159563,1.24315040546
95,2016-09-23,0.28729281768,1.23988848287,-0.00703234098933,-0.00703234098933,1.23988848287,1.23988848287,0.904887245851,1.55439005997,-0.00703234098933,-0.00703234098933,-0.00703234098933,-0.00703234098933,1.23285614188
96,2016-09-24,0.290055248619,1.23610146311,-0.00164568530172,-0.00164568530172,1.23610146311,1.23610146311,0.918372590003,1.55058724373,-0.00164568530172,-0.00164568530172,-0.00164568530172,-0.00164568530172,1.23445577781
97,2016-09-25,0.292817679558,1.2330600338,-0.0113902612425,-0.0113902612425,1.2330600338,1.2330600338,0.913081398859,1.53981848475,-0.0113902612425,-0.0113902612425,-0.0113902612425,-0.0113902612425,1.22166977256
98,2016-09-26,0.295580110497,1.2300186045,-0.0120181735173,-0.0120181735173,1.2300186045,1.2300186045,0.890480849709,1.54702270051,-0.0120181735173,-0.0120181735173,-0.0120181735173,-0.0120181735173,1.21800043098
99,2016-09-27,0.298342541436,1.22697717519,0.0169020343757,0.0169020343757,1.22697717519,1.22697717519,0.921230082991,1.56761466116,0.0169020343757,0.0169020343757,0.0169020343757,0.0169020343757,1.24387920957
100,2016-09-28,0.301104972376,1.22393574588,0.0157095238346,0.0157095238346,1.22393574588,1.22393574588,0.938978876034,1.5637397798,0.0157095238346,0.0157095238346,0.0157095238346,0.0157095238346,1.23964526972
101,2016-09-29,0.303867403315,1.22089431657,-0.0005250971595,-0.0005250971595,1.22089431657,1.22089431657,0.886466818766,1.53291964616,-0.0005250971595,-0.0005250971595,-0.0005250971595,-0.0005250971595,1.22036921941
102,2016-09-30,0.306629834254,1.21785288727,-0.00703234098934,-0.00703234098934,1.21785288727,1.21785288727,0.900679392143,1.53611250547,-0.00703234098934,-0.00703234098934,-0.00703234098934,-0.00703234098934,1.21082054628
103,2016-10-05,0.32044198895,1.20264574073,0.0157095238346,0.0157095238346,1.20264574073,1.20264574073,0.889625223788,1.54530703507,0.0157095238346,0.0157095238346,0.0157095238346,0.0157095238346,1.21835526456
104,2016-10-06,0.32320441989,1.19960431142,-0.000525097159514,-0.000525097159514,1.19960431142,1.19960431142,0.880464209751,1.51124396467,-0.000525097159514,-0.000525097159514,-0.000525097159514,-0.000525097159514,1.19907921426
105,2016-10-07,0.325966850829,1.19656288211,-0.00703234098933,-0.00703234098933,1.19656288211,1.19656288211,0.875115946066,1.5145041399,-0.00703234098933,-0.00703234098933,-0.00703234098933,-0.00703234098933,1.18953054112
106,2016-10-08,0.328729281768,1.1935214528,-0.00164568530171,-0.00164568530171,1.1935214528,1.1935214528,0.855327885444,1.52974698851,-0.00164568530171,-0.00164568530171,-0.00164568530171,-0.00164568530171,1.1918757675
107,2016-10-09,0.331491712707,1.1904800235,-0.0113902612425,-0.0113902612425,1.1904800235,1.1904800235,0.835135295555,1.50123442632,-0.0113902612425,-0.0113902612425,-0.0113902612425,-0.0113902612425,1.17908976225
108,2016-10-10,0.334254143646,1.18849549274,-0.0120181735173,-0.0120181735173,1.18849549274,1.18849549274,0.872008840388,1.49738255576,-0.0120181735173,-0.0120181735173,-0.0120181735173,-0.0120181735173,1.17647731922
109,2016-10-11,0.337016574586,1.18651096198,0.0169020343757,0.0169020343757,1.18651096198,1.18651096198,0.882244853606,1.52686351098,0.0169020343757,0.0169020343757,0.0169020343757,0.0169020343757,1.20341299635
110,2016-10-12,0.339779005525,1.18452643122,0.0157095238346,0.0157095238346,1.18452643122,1.18452643122,0.876996780553,1.49869989794,0.0157095238346,0.0157095238346,0.0157095238346,0.0157095238346,1.20023595505
111,2016-10-13,0.342541436464,1.18254190046,-0.000525097159529,-0.000525097159529,1.18254190046,1.18254190046,0.863573550942,1.49377432213,-0.000525097159529,-0.000525097159529,-0.000525097159529,-0.000525097159529,1.1820168033
112,2016-10-14,0.345303867403,1.1805573697,-0.00703234098932,-0.00703234098932,1.1805573697,1.1805573697,0.848234578102,1.48387000576,-0.00703234098932,-0.00703234098932,-0.00703234098932,-0.00703234098932,1.17352502871
113,2016-10-15,0.348066298343,1.17857283894,-0.0016456853017,-0.0016456853017,1.17857283894,1.17857283894,0.84845967432,1.50695594893,-0.0016456853017,-0.0016456853017,-0.0016456853017,-0.0016456853017,1.17692715363
114,2016-10-16,0.350828729282,1.17658830818,-0.0113902612424,-0.0113902612424,1.17658830818,1.17658830818,0.863936004898,1.51350365129,-0.0113902612424,-0.0113902612424,-0.0113902612424,-0.0113902612424,1.16519804693
115,2016-10-17,0.353591160221,1.17460377742,-0.0120181735173,-0.0120181735173,1.17460377742,1.17460377742,0.828656496846,1.50220435365,-0.0120181735173,-0.0120181735173,-0.0120181735173,-0.0120181735173,1.1625856039
116,2016-10-18,0.35635359116,1.17261924666,0.0169020343757,0.0169020343757,1.17261924666,1.17261924666,0.850604876407,1.50199258959,0.0169020343757,0.0169020343757,0.0169020343757,0.0169020343757,1.18952128103
117,2016-10-19,0.359116022099,1.17063471589,0.0157095238346,0.0157095238346,1.17063471589,1.17063471589,0.880754688715,1.51519308859,0.0157095238346,0.0157095238346,0.0157095238346,0.0157095238346,1.18634423973
118,2016-10-20,0.361878453039,1.16865018513,-0.000525097159544,-0.000525097159544,1.16865018513,1.16865018513,0.855395050855,1.51857104347,-0.000525097159544,-0.000525097159544,-0.000525097159544,-0.000525097159544,1.16812508798
119,2016-10-21,0.364640883978,1.16854558842,-0.00703234098934,-0.00703234098934,1.16854558842,1.16854558842,0.845281656921,1.46840184974,-0.00703234098934,-0.00703234098934,-0.00703234098934,-0.00703234098934,1.16151324743
120,2016-10-22,0.367403314917,1.16844099171,-0.00164568530172,-0.00164568530172,1.16844099171,1.16844099171,0.868997070047,1.50625821037,-0.00164568530172,-0.00164568530172,-0.00164568530172,-0.00164568530172,1.16679530641
121,2016-10-23,0.370165745856,1.168336395,-0.0113902612425,-0.0113902612425,1.168336395,1.168336395,0.827821810657,1.48137781355,-0.0113902612425,-0.0113902612425,-0.0113902612425,-0.0113902612425,1.15694613376
122,2016-10-24,0.372928176796,1.16823179829,-0.0120181735173,-0.0120181735173,1.16823179829,1.16823179829,0.854655111191,1.47700515837,-0.0120181735173,-0.0120181735173,-0.0120181735173,-0.0120181735173,1.15621362477
123,2016-10-25,0.375690607735,1.16812720158,0.0169020343758,0.0169020343758,1.16812720158,1.16812720158,0.88861391741,1.49677090262,0.0169020343758,0.0169020343758,0.0169020343758,0.0169020343758,1.18502923595
124,2016-10-26,0.378453038674,1.16802260487,0.0157095238346,0.0157095238346,1.16802260487,1.16802260487,0.855864269116,1.50891716948,0.0157095238346,0.0157095238346,0.0157095238346,0.0157095238346,1.1837321287
125,2016-10-27,0.381215469613,1.16791800815,-0.000525097159514,-0.000525097159514,1.16791800815,1.16791800815,0.82388601949,1.48545606436,-0.000525097159514,-0.000525097159514,-0.000525097159514,-0.000525097159514,1.16739291099
126,2016-10-28,0.383977900552,1.16781341144,-0.00703234098932,-0.00703234098932,1.16781341144,1.16781341144,0.850389219546,1.47995208522,-0.00703234098932,-0.00703234098932,-0.00703234098932,-0.00703234098932,1.16078107045
127,2016-10-29,0.386740331492,1.16770881473,-0.00164568530171,-0.00164568530171,1.16770881473,1.16770881473,0.841130658351,1.5045631556,-0.00164568530171,-0.00164568530171,-0.00164568530171,-0.00164568530171,1.16606312943
128,2016-10-30,0.389502762431,1.16760421802,-0.0113902612424,-0.0113902612424,1.16760421802,1.16760421802,0.834856287065,1.46852556734,-0.0113902612424,-0.0113902612424,-0.0113902612424,-0.0113902612424,1.15621395678
129,2016-10-31,0.39226519337,1.16749962131,-0.0120181735173,-0.0120181735173,1.16749962131,1.16749962131,0.837625951537,1.47760048664,-0.0120181735173,-0.0120181735173,-0.0120181735173,-0.0120181735173,1.15548144779
130,2016-11-01,0.395027624309,1.16805823741,0.0169020343757,0.0169020343757,1.16805823741,1.16805823741,0.872814107099,1.50250969361,0.0169020343757,0.0169020343757,0.0169020343757,0.0169020343757,1.18496027179
131,2016-11-02,0.397790055249,1.16861685351,0.0157095238346,0.0157095238346,1.16861685351,1.16861685351,0.865116334594,1.49919221376,0.0157095238346,0.0157095238346,0.0157095238346,0.0157095238346,1.18432637735
132,2016-11-03,0.400552486188,1.16917546961,-0.000525097159518,-0.000525097159518,1.16917546961,1.16917546961,0.83236423231,1.47996165152,-0.000525097159518,-0.000525097159518,-0.000525097159518,-0.000525097159518,1.16865037245
133,2016-11-04,0.403314917127,1.16973408571,-0.00703234098932,-0.00703234098932,1.16973408571,1.16973408571,0.86118887864,1.49479763901,-0.00703234098932,-0.00703234098932,-0.00703234098932,-0.00703234098932,1.16270174472
134,2016-11-05,0.406077348066,1.17029270182,-0.00164568530171,-0.00164568530171,1.17029270182,1.17029270182,0.840421570791,1.48262958858,-0.00164568530171,-0.00164568530171,-0.00164568530171,-0.00164568530171,1.16864701651
135,2016-11-06,0.408839779006,1.17085131792,-0.0113902612424,-0.0113902612424,1.17085131792,1.17085131792,0.821184511538,1.49163550228,-0.0113902612424,-0.0113902612424,-0.0113902612424,-0.0113902612424,1.15946105667
136,2016-11-07,0.411602209945,1.17140993402,-0.0120181735173,-0.0120181735173,1.17140993402,1.17140993402,0.810742470639,1.46466739632,-0.0120181735173,-0.0120181735173,-0.0120181735173,-0.0120181735173,1.1593917605
137,2016-11-08,0.414364640884,1.17196855012,0.0169020343758,0.0169020343758,1.17196855012,1.17196855012,0.86392376335,1.50910361838,0.0169020343758,0.0169020343758,0.0169020343758,0.0169020343758,1.1888705845
138,2016-11-09,0.417127071823,1.17252716622,0.0157095238346,0.0157095238346,1.17252716622,1.17252716622,0.869683432399,1.48997744539,0.0157095238346,0.0157095238346,0.0157095238346,0.0157095238346,1.18823669006
139,2016-11-10,0.419889502762,1.17308578232,-0.000525097159543,-0.000525097159543,1.17308578232,1.17308578232,0.839944253802,1.48580423672,-0.000525097159543,-0.000525097159543,-0.000525097159543,-0.000525097159543,1.17256068516
140,2016-11-11,0.422651933702,1.17364440007,-0.00703234098931,-0.00703234098931,1.17364440007,1.17364440007,0.837736857536,1.46170446511,-0.00703234098931,-0.00703234098931,-0.00703234098931,-0.00703234098931,1.16661205908
141,2016-11-12,0.425414364641,1.17420301781,-0.00164568530171,-0.00164568530171,1.17420301781,1.17420301781,0.856982966529,1.49109132655,-0.00164568530171,-0.00164568530171,-0.00164568530171,-0.00164568530171,1.17255733251
142,2016-11-13,0.42817679558,1.17476163556,-0.0113902612425,-0.0113902612425,1.17476163556,1.17476163556,0.856242290527,1.49493579235,-0.0113902612425,-0.0113902612425,-0.0113902612425,-0.0113902612425,1.16337137432
143,2016-11-14,0.430939226519,1.1753202533,-0.0120181735173,-0.0120181735173,1.1753202533,1.1753202533,0.836162550192,1.49267139717,-0.0120181735173,-0.0120181735173,-0.0120181735173,-0.0120181735173,1.16330207979
144,2016-11-15,0.433701657459,1.17587887105,0.0169020343758,0.0169020343758,1.17587887105,1.17587887105,0.876481054567,1.50797243456,0.0169020343758,0.0169020343758,0.0169020343758,0.0169020343758,1.19278090542
145,2016-11-16,0.436464088398,1.17643748879,0.0157095238346,0.0157095238346,1.17643748879,1.17643748879,0.853766763173,1.48853340008,0.0157095238346,0.0157095238346,0.0157095238346,0.0157095238346,1.19214701263
146,2016-11-17,0.439226519337,1.17699610654,-0.000525097159514,-0.000525097159514,1.17699610654,1.17699610654,0.876780444586,1.52500709145,-0.000525097159514,-0.000525097159514,-0.000525097159514,-0.000525097159514,1.17647100938
147,2016-11-18,0.441988950276,1.17755472428,-0.00703234098934,-0.00703234098934,1.17755472428,1.17755472428,0.83025409374,1.47293280563,-0.00703234098934,-0.00703234098934,-0.00703234098934,-0.00703234098934,1.17052238329
148,2016-11-19,0.444751381215,1.17811334203,-0.00164568530171,-0.00164568530171,1.17811334203,1.17811334203,0.863909801209,1.49139634492,-0.00164568530171,-0.00164568530171,-0.00164568530171,-0.00164568530171,1.17646765673
149,2016-11-20,0.447513812155,1.17867195977,-0.0113902612425,-0.0113902612425,1.17867195977,1.17867195977,0.848234484383,1.48341752119,-0.0113902612425,-0.0113902612425,-0.0113902612425,-0.0113902612425,1.16728169853
150,2016-11-21,0.450276243094,1.17923057752,-0.0120181735173,-0.0120181735173,1.17923057752,1.17923057752,0.855740057973,1.48807254347,-0.0120181735173,-0.0120181735173,-0.0120181735173,-0.0120181735173,1.167212404
151,2016-11-22,0.453038674033,1.17978919424,0.0169020343758,0.0169020343758,1.17978919424,1.17978919424,0.856599162938,1.53295291043,0.0169020343758,0.0169020343758,0.0169020343758,0.0169020343758,1.19669122862
152,2016-11-25,0.461325966851,1.18146504441,-0.00703234098931,-0.00703234098931,1.18146504441,1.18146504441,0.851916477478,1.50245250698,-0.00703234098931,-0.00703234098931,-0.00703234098931,-0.00703234098931,1.17443270342
153,2016-11-26,0.46408839779,1.18202366113,-0.0016456853017,-0.0016456853017,1.18202366113,1.18202366113,0.866494487135,1.48447151538,-0.0016456853017,-0.0016456853017,-0.0016456853017,-0.0016456853017,1.18037797583
154,2016-11-27,0.466850828729,1.18258227785,-0.0113902612425,-0.0113902612425,1.18258227785,1.18258227785,0.83884482491,1.47643877201,-0.0113902612425,-0.0113902612425,-0.0113902612425,-0.0113902612425,1.17119201661
155,2016-11-28,0.469613259669,1.18314089458,-0.0120181735173,-0.0120181735173,1.18314089458,1.18314089458,0.834108944381,1.49766096588,-0.0120181735173,-0.0120181735173,-0.0120181735173,-0.0120181735173,1.17112272106
156,2016-11-29,0.472375690608,1.1836995113,0.0169020343757,0.0169020343757,1.1836995113,1.1836995113,0.875814327339,1.52374082619,0.0169020343757,0.0169020343757,0.0169020343757,0.0169020343757,1.20060154568
157,2016-11-30,0.475138121547,1.18425812802,0.0157095238346,0.0157095238346,1.18425812802,1.18425812802,0.883199536284,1.50603403534,0.0157095238346,0.0157095238346,0.0157095238346,0.0157095238346,1.19996765186
158,2016-12-01,0.477900552486,1.18481674475,-0.000525097159543,-0.000525097159543,1.18481674475,1.18481674475,0.87558455227,1.51312047473,-0.000525097159543,-0.000525097159543,-0.000525097159543,-0.000525097159543,1.18429164759
159,2016-12-02,0.480662983425,1.18537536147,-0.00703234098932,-0.00703234098932,1.18537536147,1.18537536147,0.86312499359,1.49209628284,-0.00703234098932,-0.00703234098932,-0.00703234098932,-0.00703234098932,1.17834302048
160,2016-12-03,0.483425414365,1.18593397819,-0.00164568530172,-0.00164568530172,1.18593397819,1.18593397819,0.854626381434,1.50757767505,-0.00164568530172,-0.00164568530172,-0.00164568530172,-0.00164568530172,1.18428829289
161,2016-12-04,0.486187845304,1.18649259492,-0.0113902612425,-0.0113902612425,1.18649259492,1.18649259492,0.842104048305,1.4846889293,-0.0113902612425,-0.0113902612425,-0.0113902612425,-0.0113902612425,1.17510233367
162,2016-12-05,0.488950276243,1.18705121171,-0.0120181735173,-0.0120181735173,1.18705121171,1.18705121171,0.873940617142,1.48752873651,-0.0120181735173,-0.0120181735173,-0.0120181735173,-0.0120181735173,1.17503303819
163,2016-12-06,0.491712707182,1.18760982851,0.0169020343757,0.0169020343757,1.18760982851,1.18760982851,0.885866404055,1.51005005391,0.0169020343757,0.0169020343757,0.0169020343757,0.0169020343757,1.20451186288
164,2016-12-07,0.494475138122,1.18816844531,0.0157095238346,0.0157095238346,1.18816844531,1.18816844531,0.870323464155,1.53451395599,0.0157095238346,0.0157095238346,0.0157095238346,0.0157095238346,1.20387796914
165,2016-12-08,0.497237569061,1.1887270621,-0.000525097159558,-0.000525097159558,1.1887270621,1.1887270621,0.835725227752,1.51525093782,-0.000525097159558,-0.000525097159558,-0.000525097159558,-0.000525097159558,1.18820196494
166,2016-12-09,0.5,1.1892856789,-0.00703234098935,-0.00703234098935,1.1892856789,1.1892856789,0.857411107527,1.50932934591,-0.00703234098935,-0.00703234098935,-0.00703234098935,-0.00703234098935,1.18225333791
167,2016-12-10,0.502762430939,1.1898442957,-0.00164568530171,-0.00164568530171,1.1898442957,1.1898442957,0.885116196331,1.49947922146,-0.00164568530171,-0.00164568530171,-0.00164568530171,-0.00164568530171,1.1881986104
168,2016-12-11,0.505524861878,1.19040291249,-0.0113902612425,-0.0113902612425,1.19040291249,1.19040291249,0.852560800875,1.49484796767,-0.0113902612425,-0.0113902612425,-0.0113902612425,-0.0113902612425,1.17901265125
169,2016-12-12,0.508287292818,1.19096152929,-0.0120181735173,-0.0120181735173,1.19096152929,1.19096152929,0.86478533451,1.50847288735,-0.0120181735173,-0.0120181735173,-0.0120181735173,-0.0120181735173,1.17894335577
170,2016-12-13,0.511049723757,1.19152014609,0.0169020343757,0.0169020343757,1.19152014609,1.19152014609,0.89601742942,1.51299823898,0.0169020343757,0.0169020343757,0.0169020343757,0.0169020343757,1.20842218046
171,2016-12-14,0.513812154696,1.19207876288,0.0157095238346,0.0157095238346,1.19207876288,1.19207876288,0.902811442621,1.51952308347,0.0157095238346,0.0157095238346,0.0157095238346,0.0157095238346,1.20778828672
172,2016-12-15,0.516574585635,1.19263737968,-0.000525097159528,-0.000525097159528,1.19263737968,1.19263737968,0.871685196444,1.50554629147,-0.000525097159528,-0.000525097159528,-0.000525097159528,-0.000525097159528,1.19211228252
173,2016-12-16,0.519337016575,1.19319599724,-0.00703234098933,-0.00703234098933,1.19319599724,1.19319599724,0.853153067196,1.50146882631,-0.00703234098933,-0.00703234098933,-0.00703234098933,-0.00703234098933,1.18616365625
174,2016-12-17,0.522099447514,1.19375461481,-0.00164568530172,-0.00164568530172,1.19375461481,1.19375461481,0.884505899296,1.53654339548,-0.00164568530172,-0.00164568530172,-0.00164568530172,-0.00164568530172,1.1921089295
175,2016-12-18,0.524861878453,1.19431323237,-0.0113902612425,-0.0113902612425,1.19431323237,1.19431323237,0.860324599468,1.50921334238,-0.0113902612425,-0.0113902612425,-0.0113902612425,-0.0113902612425,1.18292297113
176,2016-12-19,0.527624309392,1.19487184993,-0.0120181735173,-0.0120181735173,1.19487184993,1.19487184993,0.869162076634,1.49775667984,-0.0120181735173,-0.0120181735173,-0.0120181735173,-0.0120181735173,1.18285367641
177,2016-12-20,0.530386740331,1.19543046749,0.0169020343757,0.0169020343757,1.19543046749,1.19543046749,0.888373751015,1.52269628374,0.0169020343757,0.0169020343757,0.0169020343757,0.0169020343757,1.21233250187
178,2016-12-21,0.533149171271,1.19598908506,0.0157095238346,0.0157095238346,1.19598908506,1.19598908506,0.91437948238,1.54927567682,0.0157095238346,0.0157095238346,0.0157095238346,0.0157095238346,1.21169860889
179,2016-12-22,0.53591160221,1.19654770262,-0.000525097159553,-0.000525097159553,1.19654770262,1.19654770262,0.872482006717,1.5250739567,-0.000525097159553,-0.000525097159553,-0.000525097159553,-0.000525097159553,1.19602260546
180,2016-12-23,0.538674033149,1.19710632018,-0.00703234098934,-0.00703234098934,1.19710632018,1.19710632018,0.872911803775,1.5272155435,-0.00703234098934,-0.00703234098934,-0.00703234098934,-0.00703234098934,1.19007397919
181,2016-12-24,0.541436464088,1.19766493774,-0.0016456853017,-0.0016456853017,1.19766493774,1.19766493774,0.86840835183,1.52975925399,-0.0016456853017,-0.0016456853017,-0.0016456853017,-0.0016456853017,1.19601925244
182,2016-12-25,0.544198895028,1.19822355531,-0.0113902612424,-0.0113902612424,1.19822355531,1.19822355531,0.856558331164,1.5131331073,-0.0113902612424,-0.0113902612424,-0.0113902612424,-0.0113902612424,1.18683329406
183,2016-12-26,0.546961325967,1.19881822222,-0.0120181735173,-0.0120181735173,1.19881822222,1.19881822222,0.881838138232,1.49544236087,-0.0120181735173,-0.0120181735173,-0.0120181735173,-0.0120181735173,1.1868000487
184,2016-12-27,0.549723756906,1.19941288913,0.0169020343757,0.0169020343757,1.19941288913,1.19941288913,0.902886183033,1.52726158388,0.0169020343757,0.0169020343757,0.0169020343757,0.0169020343757,1.2163149235
185,2016-12-28,0.552486187845,1.20000755604,0.0157095238346,0.0157095238346,1.20000755604,1.20000755604,0.880357383543,1.55757221085,0.0157095238346,0.0157095238346,0.0157095238346,0.0157095238346,1.21571707987
186,2017-01-05,0.574585635359,1.20476489133,-0.000525097159538,-0.000525097159538,1.20476489133,1.20476489133,0.889241413063,1.52706438899,-0.000525097159538,-0.000525097159538,-0.000525097159538,-0.000525097159538,1.20423979417
187,2017-01-06,0.577348066298,1.20535955824,-0.00703234098933,-0.00703234098933,1.20535955824,1.20535955824,0.887701331915,1.5397749521,-0.00703234098933,-0.00703234098933,-0.00703234098933,-0.00703234098933,1.19832721725
188,2017-01-07,0.580110497238,1.20595422515,-0.00164568530171,-0.00164568530171,1.20595422515,1.20595422515,0.895153881524,1.56643760484,-0.00164568530171,-0.00164568530171,-0.00164568530171,-0.00164568530171,1.20430853985
189,2017-01-08,0.582872928177,1.20654889206,-0.0113902612425,-0.0113902612425,1.20654889206,1.20654889206,0.859814186406,1.49909266887,-0.0113902612425,-0.0113902612425,-0.0113902612425,-0.0113902612425,1.19515863082
190,2017-01-09,0.585635359116,1.20714355897,-0.0120181735173,-0.0120181735173,1.20714355897,1.20714355897,0.862383260813,1.52409152382,-0.0120181735173,-0.0120181735173,-0.0120181735173,-0.0120181735173,1.19512538545
191,2017-01-10,0.588397790055,1.20773822588,0.0169020343757,0.0169020343757,1.20773822588,1.20773822588,0.892467503702,1.54522857345,0.0169020343757,0.0169020343757,0.0169020343757,0.0169020343757,1.22464026026
192,2017-01-11,0.591160220994,1.20833289279,0.0157095238346,0.0157095238346,1.20833289279,1.20833289279,0.914955264605,1.52359566755,0.0157095238346,0.0157095238346,0.0157095238346,0.0157095238346,1.22404241663
193,2017-01-12,0.593922651934,1.20892755971,-0.000525097159508,-0.000525097159508,1.20892755971,1.20892755971,0.907551036245,1.52659033499,-0.000525097159508,-0.000525097159508,-0.000525097159508,-0.000525097159508,1.20840246255
194,2017-01-13,0.596685082873,1.20954641886,-0.00703234098932,-0.00703234098932,1.20954641886,1.20954641886,0.874519861395,1.53544690672,-0.00703234098932,-0.00703234098932,-0.00703234098932,-0.00703234098932,1.20251407787
195,2017-01-14,0.599447513812,1.21016527801,-0.0016456853017,-0.0016456853017,1.21016527801,1.21016527801,0.890035759491,1.53164782166,-0.0016456853017,-0.0016456853017,-0.0016456853017,-0.0016456853017,1.20851959271
196,2017-01-15,0.602209944751,1.21078413717,-0.0113902612425,-0.0113902612425,1.21078413717,1.21078413717,0.854349158872,1.51069422708,-0.0113902612425,-0.0113902612425,-0.0113902612425,-0.0113902612425,1.19939387592
197,2017-01-16,0.604972375691,1.21140299632,-0.0120181735173,-0.0120181735173,1.21140299632,1.21140299632,0.866719497398,1.49685880217,-0.0120181735173,-0.0120181735173,-0.0120181735173,-0.0120181735173,1.1993848228
198,2017-01-17,0.60773480663,1.21202185548,0.0169020343757,0.0169020343757,1.21202185548,1.21202185548,0.893548817589,1.53694932799,0.0169020343757,0.0169020343757,0.0169020343757,0.0169020343757,1.22892388985
199,2017-01-18,0.610497237569,1.21264071463,0.0157095238346,0.0157095238346,1.21264071463,1.21264071463,0.927768455067,1.55347306073,0.0157095238346,0.0157095238346,0.0157095238346,0.0157095238346,1.22835023846
200,2017-01-19,0.613259668508,1.21325957378,-0.000525097159534,-0.000525097159534,1.21325957378,1.21325957378,0.891731245027,1.52711313482,-0.000525097159534,-0.000525097159534,-0.000525097159534,-0.000525097159534,1.21273447662
201,2017-01-20,0.616022099448,1.21387843294,-0.00703234098933,-0.00703234098933,1.21387843294,1.21387843294,0.903343625254,1.5290013847,-0.00703234098933,-0.00703234098933,-0.00703234098933,-0.00703234098933,1.20684609195
202,2017-01-21,0.618784530387,1.21449729209,-0.00164568530172,-0.00164568530172,1.21449729209,1.21449729209,0.893175648287,1.55173884735,-0.00164568530172,-0.00164568530172,-0.00164568530172,-0.00164568530172,1.21285160679
203,2017-01-22,0.621546961326,1.21511615125,-0.0113902612424,-0.0113902612424,1.21511615125,1.21511615125,0.905879444164,1.54717961418,-0.0113902612424,-0.0113902612424,-0.0113902612424,-0.0113902612424,1.20372589
204,2017-01-23,0.624309392265,1.2157350104,-0.0120181735173,-0.0120181735173,1.2157350104,1.2157350104,0.886488332991,1.52292378437,-0.0120181735173,-0.0120181735173,-0.0120181735173,-0.0120181735173,1.20371683688
205,2017-01-24,0.627071823204,1.21635387054,0.0169020343757,0.0169020343757,1.21635387054,1.21635387054,0.907110745611,1.55704311724,0.0169020343757,0.0169020343757,0.0169020343757,0.0169020343757,1.23325590491
206,2017-01-25,0.629834254144,1.21697273068,0.0157095238346,0.0157095238346,1.21697273068,1.21697273068,0.92403099286,1.57265100835,0.0157095238346,0.0157095238346,0.0157095238346,0.0157095238346,1.23268225451
207,2017-01-26,0.632596685083,1.21759159082,-0.000525097159504,-0.000525097159504,1.21759159082,1.21759159082,0.91106075198,1.5435029888,-0.000525097159504,-0.000525097159504,-0.000525097159504,-0.000525097159504,1.21706649366
208,2017-01-27,0.635359116022,1.21821045096,-0.00703234098934,-0.00703234098934,1.21821045096,1.21821045096,0.874711568362,1.51214493674,-0.00703234098934,-0.00703234098934,-0.00703234098934,-0.00703234098934,1.21117810997
209,2017-01-28,0.638121546961,1.2188293111,-0.00164568530171,-0.00164568530171,1.2188293111,1.2188293111,0.909579658076,1.51584009496,-0.00164568530171,-0.00164568530171,-0.00164568530171,-0.00164568530171,1.21718362579
210,2017-01-29,0.640883977901,1.21944817124,-0.0113902612425,-0.0113902612425,1.21944817124,1.21944817124,0.912579504816,1.52445414969,-0.0113902612425,-0.0113902612425,-0.0113902612425,-0.0113902612425,1.20805790999
211,2017-01-30,0.64364640884,1.22006703137,-0.0120181735173,-0.0120181735173,1.22006703137,1.22006703137,0.904997489153,1.51923146948,-0.0120181735173,-0.0120181735173,-0.0120181735173,-0.0120181735173,1.20804885786
212,2017-01-31,0.646408839779,1.22068589151,0.0169020343758,0.0169020343758,1.22068589151,1.22068589151,0.90186812955,1.54016046263,0.0169020343758,0.0169020343758,0.0169020343758,0.0169020343758,1.23758792589
213,2017-02-01,0.649171270718,1.22130475165,0.0157095238346,0.0157095238346,1.22130475165,1.22130475165,0.915413928396,1.55300204353,0.0157095238346,0.0157095238346,0.0157095238346,0.0157095238346,1.23701427549
214,2017-02-02,0.651933701657,1.22192361179,-0.000525097159519,-0.000525097159519,1.22192361179,1.22192361179,0.918666112887,1.52786295551,-0.000525097159519,-0.000525097159519,-0.000525097159519,-0.000525097159519,1.22139851463
215,2017-02-03,0.654696132597,1.22254247793,-0.00703234098933,-0.00703234098933,1.22254247793,1.22254247793,0.906578504197,1.52542544506,-0.00703234098933,-0.00703234098933,-0.00703234098933,-0.00703234098933,1.21551013694
216,2017-02-04,0.657458563536,1.22316134406,-0.00164568530171,-0.00164568530171,1.22316134406,1.22316134406,0.913853823975,1.53546566362,-0.00164568530171,-0.00164568530171,-0.00164568530171,-0.00164568530171,1.22151565876
217,2017-02-05,0.660220994475,1.22378021019,-0.0113902612424,-0.0113902612424,1.22378021019,1.22378021019,0.895337744745,1.53231122677,-0.0113902612424,-0.0113902612424,-0.0113902612424,-0.0113902612424,1.21238994895
218,2017-02-06,0.662983425414,1.22439907632,-0.0120181735173,-0.0120181735173,1.22439907632,1.22439907632,0.873168617914,1.51892572673,-0.0120181735173,-0.0120181735173,-0.0120181735173,-0.0120181735173,1.21238090281
219,2017-02-07,0.665745856354,1.22501794246,0.0169020343757,0.0169020343757,1.22501794246,1.22501794246,0.933040763492,1.57044586028,0.0169020343757,0.0169020343757,0.0169020343757,0.0169020343757,1.24191997683
220,2017-02-08,0.668508287293,1.22563680859,0.0157095238346,0.0157095238346,1.22563680859,1.22563680859,0.923216695115,1.57868523656,0.0157095238346,0.0157095238346,0.0157095238346,0.0157095238346,1.24134633243
221,2017-02-09,0.671270718232,1.22625567472,-0.000525097159534,-0.000525097159534,1.22625567472,1.22625567472,0.920946783754,1.54423521644,-0.000525097159534,-0.000525097159534,-0.000525097159534,-0.000525097159534,1.22573057756
222,2017-02-10,0.674033149171,1.22687454086,-0.00703234098932,-0.00703234098932,1.22687454086,1.22687454086,0.896398314161,1.54532855011,-0.00703234098932,-0.00703234098932,-0.00703234098932,-0.00703234098932,1.21984219987
223,2017-02-11,0.67679558011,1.22749340699,-0.00164568530172,-0.00164568530172,1.22749340699,1.22749340699,0.904080810818,1.56815965094,-0.00164568530172,-0.00164568530172,-0.00164568530172,-0.00164568530172,1.22584772169
224,2017-02-12,0.67955801105,1.22811227312,-0.0113902612424,-0.0113902612424,1.22811227312,1.22811227312,0.905419065963,1.55150605147,-0.0113902612424,-0.0113902612424,-0.0113902612424,-0.0113902612424,1.21672201188
225,2017-02-13,0.682320441989,1.22873113926,-0.0120181735173,-0.0120181735173,1.22873113926,1.22873113926,0.904403789371,1.55350103893,-0.0120181735173,-0.0120181735173,-0.0120181735173,-0.0120181735173,1.21671296574
226,2017-02-14,0.685082872928,1.22935000938,0.0169020343758,0.0169020343758,1.22935000938,1.22935000938,0.902901624607,1.5822914825,0.0169020343758,0.0169020343758,0.0169020343758,0.0169020343758,1.24625204375
227,2017-02-15,0.687845303867,1.2299688795,0.0157095238346,0.0157095238346,1.2299688795,1.2299688795,0.940998090871,1.54284869743,0.0157095238346,0.0157095238346,0.0157095238346,0.0157095238346,1.24567840334
228,2017-02-16,0.690607734807,1.23058774963,-0.000525097159548,-0.000525097159548,1.23058774963,1.23058774963,0.914568767302,1.5679672327,-0.000525097159548,-0.000525097159548,-0.000525097159548,-0.000525097159548,1.23006265247
229,2017-02-17,0.693370165746,1.23120661975,-0.00703234098934,-0.00703234098934,1.23120661975,1.23120661975,0.916685392248,1.5623442965,-0.00703234098934,-0.00703234098934,-0.00703234098934,-0.00703234098934,1.22417427876
230,2017-02-18,0.696132596685,1.23182548987,-0.00164568530172,-0.00164568530172,1.23182548987,1.23182548987,0.897318330631,1.53783443607,-0.00164568530172,-0.00164568530172,-0.00164568530172,-0.00164568530172,1.23017980457
231,2017-02-19,0.698895027624,1.23244436,-0.0113902612425,-0.0113902612425,1.23244436,1.23244436,0.898646277915,1.54713865415,-0.0113902612425,-0.0113902612425,-0.0113902612425,-0.0113902612425,1.22105409876
232,2017-02-20,0.701657458564,1.23306323012,-0.0120181735173,-0.0120181735173,1.23306323012,1.23306323012,0.888430969085,1.55637296691,-0.0120181735173,-0.0120181735173,-0.0120181735173,-0.0120181735173,1.2210450566
233,2017-02-21,0.704419889503,1.23368210024,0.0169020343758,0.0169020343758,1.23368210024,1.23368210024,0.919854773321,1.5587808983,0.0169020343758,0.0169020343758,0.0169020343758,0.0169020343758,1.25058413462
234,2017-02-22,0.707182320442,1.23430097037,0.0157095238346,0.0157095238346,1.23430097037,1.23430097037,0.929918281236,1.59018779958,0.0157095238346,0.0157095238346,0.0157095238346,0.0157095238346,1.2500104942
235,2017-02-23,0.709944751381,1.23491984049,-0.000525097159518,-0.000525097159518,1.23491984049,1.23491984049,0.920810796393,1.57214904659,-0.000525097159518,-0.000525097159518,-0.000525097159518,-0.000525097159518,1.23439474333
236,2017-02-24,0.71270718232,1.23553871062,-0.00703234098932,-0.00703234098932,1.23553871062,1.23553871062,0.902981625632,1.55798590403,-0.00703234098932,-0.00703234098932,-0.00703234098932,-0.00703234098932,1.22850636963
237,2017-02-25,0.71546961326,1.23615758085,-0.0016456853017,-0.0016456853017,1.23615758085,1.23615758085,0.90515777575,1.55045855503,-0.0016456853017,-0.0016456853017,-0.0016456853017,-0.0016456853017,1.23451189555
238,2017-02-26,0.718232044199,1.23677645109,-0.0113902612425,-0.0113902612425,1.23677645109,1.23677645109,0.912545081801,1.5459632053,-0.0113902612425,-0.0113902612425,-0.0113902612425,-0.0113902612425,1.22538618984
239,2017-02-27,0.720994475138,1.23739532132,-0.0120181735173,-0.0120181735173,1.23739532132,1.23739532132,0.892282518957,1.52585936433,-0.0120181735173,-0.0120181735173,-0.0120181735173,-0.0120181735173,1.2253771478
240,2017-02-28,0.723756906077,1.23801419156,0.0169020343757,0.0169020343757,1.23801419156,1.23801419156,0.92630804346,1.58764010443,0.0169020343757,0.0169020343757,0.0169020343757,0.0169020343757,1.25491622593
241,2017-03-01,0.726519337017,1.23863306179,0.0157095238346,0.0157095238346,1.23863306179,1.23863306179,0.929971745319,1.58773939992,0.0157095238346,0.0157095238346,0.0157095238346,0.0157095238346,1.25434258563
242,2017-03-02,0.729281767956,1.23925193203,-0.000525097159544,-0.000525097159544,1.23925193203,1.23925193203,0.916918259889,1.56505957159,-0.000525097159544,-0.000525097159544,-0.000525097159544,-0.000525097159544,1.23872683487
243,2017-03-03,0.732044198895,1.23987080226,-0.00703234098932,-0.00703234098932,1.23987080226,1.23987080226,0.893776120506,1.53067978963,-0.00703234098932,-0.00703234098932,-0.00703234098932,-0.00703234098932,1.23283846127
244,2017-03-04,0.734806629834,1.2404896725,-0.00164568530171,-0.00164568530171,1.2404896725,1.2404896725,0.918732090524,1.53946794706,-0.00164568530171,-0.00164568530171,-0.00164568530171,-0.00164568530171,1.2388439872
245,2017-03-05,0.737569060773,1.24110854273,-0.0113902612425,-0.0113902612425,1.24110854273,1.24110854273,0.897111256412,1.55086904926,-0.0113902612425,-0.0113902612425,-0.0113902612425,-0.0113902612425,1.22971828149
246,2017-03-06,0.740331491713,1.24172741297,-0.0120181735173,-0.0120181735173,1.24172741297,1.24172741297,0.934375707658,1.54324584437,-0.0120181735173,-0.0120181735173,-0.0120181735173,-0.0120181735173,1.22970923945
247,2017-03-07,0.743093922652,1.2423462832,0.0169020343757,0.0169020343757,1.2423462832,1.2423462832,0.959543965864,1.5711328152,0.0169020343757,0.0169020343757,0.0169020343757,0.0169020343757,1.25924831758
248,2017-03-08,0.745856353591,1.24296515427,0.0157095238346,0.0157095238346,1.24296515427,1.24296515427,0.924842551554,1.59342819448,0.0157095238346,0.0157095238346,0.0157095238346,0.0157095238346,1.2586746781
249,2017-03-09,0.74861878453,1.24358402533,-0.000525097159548,-0.000525097159548,1.24358402533,1.24358402533,0.900863381321,1.55623039114,-0.000525097159548,-0.000525097159548,-0.000525097159548,-0.000525097159548,1.24305892817
250,2017-03-10,0.75138121547,1.24420289639,-0.00703234098931,-0.00703234098931,1.24420289639,1.24420289639,0.911993465659,1.55817967358,-0.00703234098931,-0.00703234098931,-0.00703234098931,-0.00703234098931,1.2371705554
251,2017-03-11,0.754143646409,1.24482176746,-0.00164568530171,-0.00164568530171,1.24482176746,1.24482176746,0.910548606034,1.55688245809,-0.00164568530171,-0.00164568530171,-0.00164568530171,-0.00164568530171,1.24317608215
252,2017-03-12,0.756906077348,1.24544063852,-0.0113902612425,-0.0113902612425,1.24544063852,1.24544063852,0.905151317131,1.55921152411,-0.0113902612425,-0.0113902612425,-0.0113902612425,-0.0113902612425,1.23405037728
253,2017-03-13,0.759668508287,1.24605950958,-0.0120181735173,-0.0120181735173,1.24605950958,1.24605950958,0.917820724049,1.55984814001,-0.0120181735173,-0.0120181735173,-0.0120181735173,-0.0120181735173,1.23404133607
254,2017-03-14,0.762430939227,1.24667838065,0.0169020343757,0.0169020343757,1.24667838065,1.24667838065,0.92972565721,1.60643496334,0.0169020343757,0.0169020343757,0.0169020343757,0.0169020343757,1.26358041502
255,2017-03-15,0.765193370166,1.24729725171,0.0157095238346,0.0157095238346,1.24729725171,1.24729725171,0.93776325292,1.58412564408,0.0157095238346,0.0157095238346,0.0157095238346,0.0157095238346,1.26300677554
256,2017-03-16,0.767955801105,1.24791612277,-0.000525097159518,-0.000525097159518,1.24791612277,1.24791612277,0.91275716166,1.55362784116,-0.000525097159518,-0.000525097159518,-0.000525097159518,-0.000525097159518,1.24739102561
257,2017-03-17,0.770718232044,1.24853499384,-0.00703234098932,-0.00703234098932,1.24853499384,1.24853499384,0.918941227881,1.56230600335,-0.00703234098932,-0.00703234098932,-0.00703234098932,-0.00703234098932,1.24150265285
258,2017-03-18,0.773480662983,1.2497591327,-0.00164568530171,-0.00164568530171,1.2497591327,1.2497591327,0.951753374831,1.58422865434,-0.00164568530171,-0.00164568530171,-0.00164568530171,-0.00164568530171,1.2481134474
259,2017-03-19,0.776243093923,1.25098327157,-0.0113902612425,-0.0113902612425,1.25098327157,1.25098327157,0.951549726516,1.55851175739,-0.0113902612425,-0.0113902612425,-0.0113902612425,-0.0113902612425,1.23959301032
260,2017-03-20,0.779005524862,1.25220741043,-0.0120181735173,-0.0120181735173,1.25220741043,1.25220741043,0.922143252388,1.5690116319,-0.0120181735173,-0.0120181735173,-0.0120181735173,-0.0120181735173,1.24018923691
261,2017-03-21,0.781767955801,1.2534315493,0.0169020343757,0.0169020343757,1.2534315493,1.2534315493,0.975384342671,1.59006532104,0.0169020343757,0.0169020343757,0.0169020343757,0.0169020343757,1.27033358367
262,2017-03-22,0.78453038674,1.25465568816,0.0157095238346,0.0157095238346,1.25465568816,1.25465568816,0.942210120757,1.58613776773,0.0157095238346,0.0157095238346,0.0157095238346,0.0157095238346,1.270365212
263,2017-03-23,0.78729281768,1.25587982703,-0.000525097159533,-0.000525097159533,1.25587982703,1.25587982703,0.930890089861,1.55919581463,-0.000525097159533,-0.000525097159533,-0.000525097159533,-0.000525097159533,1.25535472987
264,2017-03-24,0.790055248619,1.25710396589,-0.00703234098932,-0.00703234098932,1.25710396589,1.25710396589,0.947682260467,1.57351782208,-0.00703234098932,-0.00703234098932,-0.00703234098932,-0.00703234098932,1.2500716249
265,2017-03-25,0.792817679558,1.25832810476,-0.0016456853017,-0.0016456853017,1.25832810476,1.25832810476,0.936289728082,1.56716980811,-0.0016456853017,-0.0016456853017,-0.0016456853017,-0.0016456853017,1.25668241946
266,2017-03-27,0.798342541436,1.26077638249,-0.0120181735173,-0.0120181735173,1.26077638249,1.26077638249,0.935528124468,1.57856382709,-0.0120181735173,-0.0120181735173,-0.0120181735173,-0.0120181735173,1.24875820897
267,2017-03-28,0.801104972376,1.26200052135,0.0169020343757,0.0169020343757,1.26200052135,1.26200052135,0.96298516049,1.59117599698,0.0169020343757,0.0169020343757,0.0169020343757,0.0169020343757,1.27890255573
268,2017-03-29,0.803867403315,1.26322466022,0.0157095238346,0.0157095238346,1.26322466022,1.26322466022,0.961577737846,1.6013237453,0.0157095238346,0.0157095238346,0.0157095238346,0.0157095238346,1.27893418405
269,2017-03-30,0.806629834254,1.26444880195,-0.000525097159547,-0.000525097159547,1.26444880195,1.26444880195,0.935092963,1.58624924121,-0.000525097159547,-0.000525097159547,-0.000525097159547,-0.000525097159547,1.26392370479
270,2017-03-31,0.809392265193,1.26567294367,-0.00703234098933,-0.00703234098933,1.26567294367,1.26567294367,0.920118584737,1.55761907221,-0.00703234098933,-0.00703234098933,-0.00703234098933,-0.00703234098933,1.25864060268
271,2017-04-01,0.812154696133,1.2668970854,-0.00164568530172,-0.00164568530172,1.2668970854,1.2668970854,0.942808733904,1.56080424637,-0.00164568530172,-0.00164568530172,-0.00164568530172,-0.00164568530172,1.2652514001
272,2017-04-02,0.814917127072,1.26812122713,-0.0113902612425,-0.0113902612425,1.26812122713,1.26812122713,0.9202702105,1.58810102073,-0.0113902612425,-0.0113902612425,-0.0113902612425,-0.0113902612425,1.25673096589
273,2017-04-03,0.817679558011,1.26934536886,-0.0120181735173,-0.0120181735173,1.26934536886,1.26934536886,0.949830071679,1.6098784297,-0.0120181735173,-0.0120181735173,-0.0120181735173,-0.0120181735173,1.25732719534
274,2017-04-04,0.82044198895,1.27056951058,0.0169020343757,0.0169020343757,1.27056951058,1.27056951058,0.987135096176,1.59784369013,0.0169020343757,0.0169020343757,0.0169020343757,0.0169020343757,1.28747154496
275,2017-04-05,0.82320441989,1.27179365231,0.0157095238346,0.0157095238346,1.27179365231,1.27179365231,0.930025138511,1.59576495276,0.0157095238346,0.0157095238346,0.0157095238346,0.0157095238346,1.28750317615
276,2017-04-10,0.837016574586,1.27791436095,-0.0120181735173,-0.0120181735173,1.27791436095,1.27791436095,0.946974400647,1.59112015305,-0.0120181735173,-0.0120181735173,-0.0120181735173,-0.0120181735173,1.26589618743
277,2017-04-11,0.839779005525,1.27913850268,0.0169020343757,0.0169020343757,1.27913850268,1.27913850268,0.977889217029,1.64274284711,0.0169020343757,0.0169020343757,0.0169020343757,0.0169020343757,1.29604053705
278,2017-04-12,0.842541436464,1.2803626444,0.0157095238346,0.0157095238346,1.2803626444,1.2803626444,0.982515863981,1.62231935158,0.0157095238346,0.0157095238346,0.0157095238346,0.0157095238346,1.29607216824
279,2017-04-13,0.845303867403,1.28158678613,-0.000525097159532,-0.000525097159532,1.28158678613,1.28158678613,0.971789471432,1.58575639929,-0.000525097159532,-0.000525097159532,-0.000525097159532,-0.000525097159532,1.28106168897
280,2017-04-14,0.848066298343,1.28281092786,-0.00703234098933,-0.00703234098933,1.28281092786,1.28281092786,0.954903534326,1.60429542088,-0.00703234098933,-0.00703234098933,-0.00703234098933,-0.00703234098933,1.27577858687
281,2017-04-15,0.850828729282,1.28403506959,-0.00164568530171,-0.00164568530171,1.28403506959,1.28403506959,0.983580977773,1.58614821903,-0.00164568530171,-0.00164568530171,-0.00164568530171,-0.00164568530171,1.28238938429
282,2017-04-16,0.853591160221,1.28525921131,-0.0113902612425,-0.0113902612425,1.28525921131,1.28525921131,0.942834008164,1.60445758318,-0.0113902612425,-0.0113902612425,-0.0113902612425,-0.0113902612425,1.27386895007
283,2017-04-17,0.85635359116,1.28648335304,-0.0120181735173,-0.0120181735173,1.28648335304,1.28648335304,0.97573421615,1.58420003983,-0.0120181735173,-0.0120181735173,-0.0120181735173,-0.0120181735173,1.27446517952
284,2017-04-18,0.859116022099,1.28770749477,0.0169020343757,0.0169020343757,1.28770749477,1.28770749477,0.986135104846,1.61439322559,0.0169020343757,0.0169020343757,0.0169020343757,0.0169020343757,1.30460952915
285,2017-04-19,0.861878453039,1.2889316365,0.0157095238346,0.0157095238346,1.2889316365,1.2889316365,0.990147672148,1.63206762083,0.0157095238346,0.0157095238346,0.0157095238346,0.0157095238346,1.30464116033
286,2017-04-20,0.864640883978,1.29015577822,-0.000525097159524,-0.000525097159524,1.29015577822,1.29015577822,0.950843622203,1.60174634325,-0.000525097159524,-0.000525097159524,-0.000525097159524,-0.000525097159524,1.28963068107
287,2017-04-21,0.867403314917,1.29137991995,-0.00703234098934,-0.00703234098934,1.29137991995,1.29137991995,0.960866396432,1.59945159649,-0.00703234098934,-0.00703234098934,-0.00703234098934,-0.00703234098934,1.28434757896
288,2017-04-22,0.870165745856,1.29260406168,-0.00164568530172,-0.00164568530172,1.29260406168,1.29260406168,0.987161891111,1.61613889342,-0.00164568530172,-0.00164568530172,-0.00164568530172,-0.00164568530172,1.29095837638
289,2017-04-23,0.872928176796,1.29382820341,-0.0113902612425,-0.0113902612425,1.29382820341,1.29382820341,0.968267985312,1.61424338374,-0.0113902612425,-0.0113902612425,-0.0113902612425,-0.0113902612425,1.28243794216
290,2017-04-24,0.875690607735,1.29505234513,-0.0120181735173,-0.0120181735173,1.29505234513,1.29505234513,0.962165631627,1.59747590658,-0.0120181735173,-0.0120181735173,-0.0120181735173,-0.0120181735173,1.28303417162
291,2017-04-25,0.878453038674,1.29627648686,0.0169020343757,0.0169020343757,1.29627648686,1.29627648686,0.982875991895,1.63677146494,0.0169020343757,0.0169020343757,0.0169020343757,0.0169020343757,1.31317852124
292,2017-04-26,0.881215469613,1.29750062859,0.0157095238346,0.0157095238346,1.29750062859,1.29750062859,1.01978482224,1.64470205803,0.0157095238346,0.0157095238346,0.0157095238346,0.0157095238346,1.31321015242
293,2017-04-27,0.883977900552,1.29872477032,-0.000525097159528,-0.000525097159528,1.29872477032,1.29872477032,0.976669859549,1.59713221178,-0.000525097159528,-0.000525097159528,-0.000525097159528,-0.000525097159528,1.29819967316
294,2017-04-28,0.886740331492,1.29994891204,-0.00703234098934,-0.00703234098934,1.29994891204,1.29994891204,0.980714944117,1.60724050046,-0.00703234098934,-0.00703234098934,-0.00703234098934,-0.00703234098934,1.29291657106
295,2017-04-29,0.889502762431,1.30117305377,-0.00164568530172,-0.00164568530172,1.30117305377,1.30117305377,0.980621964953,1.603707327,-0.00164568530172,-0.00164568530172,-0.00164568530172,-0.00164568530172,1.29952736847
296,2017-04-30,0.89226519337,1.3023971955,-0.0113902612425,-0.0113902612425,1.3023971955,1.3023971955,0.964658089733,1.59657852809,-0.0113902612425,-0.0113902612425,-0.0113902612425,-0.0113902612425,1.29100693426
297,2017-05-01,0.895027624309,1.30362133723,-0.0120181735173,-0.0120181735173,1.30362133723,1.30362133723,0.98137909736,1.60341862971,-0.0120181735173,-0.0120181735173,-0.0120181735173,-0.0120181735173,1.29160316371
298,2017-05-02,0.897790055249,1.30484547896,0.0169020343757,0.0169020343757,1.30484547896,1.30484547896,0.98515851391,1.6510924586,0.0169020343757,0.0169020343757,0.0169020343757,0.0169020343757,1.32174751333
299,2017-05-03,0.900552486188,1.30606962068,0.0157095238346,0.0157095238346,1.30606962068,1.30606962068,0.9905588203,1.61428634215,0.0157095238346,0.0157095238346,0.0157095238346,0.0157095238346,1.32177914452
300,2017-05-04,0.903314917127,1.30729376241,-0.000525097159509,-0.000525097159509,1.30729376241,1.30729376241,0.986069844753,1.60533833993,-0.000525097159509,-0.000525097159509,-0.000525097159509,-0.000525097159509,1.30676866525
301,2017-05-05,0.906077348066,1.30851790414,-0.00703234098933,-0.00703234098933,1.30851790414,1.30851790414,0.974797278078,1.58936126839,-0.00703234098933,-0.00703234098933,-0.00703234098933,-0.00703234098933,1.30148556315
302,2017-05-06,0.908839779006,1.30974204587,-0.00164568530171,-0.00164568530171,1.30974204587,1.30974204587,0.991374168084,1.62371137391,-0.00164568530171,-0.00164568530171,-0.00164568530171,-0.00164568530171,1.30809636056
303,2017-05-07,0.911602209945,1.31096618759,-0.0113902612424,-0.0113902612424,1.31096618759,1.31096618759,0.977127337256,1.64121491107,-0.0113902612424,-0.0113902612424,-0.0113902612424,-0.0113902612424,1.29957592635
304,2017-05-08,0.914364640884,1.31219032932,-0.0120181735173,-0.0120181735173,1.31219032932,1.31219032932,0.983762431367,1.59599579542,-0.0120181735173,-0.0120181735173,-0.0120181735173,-0.0120181735173,1.3001721558
305,2017-05-09,0.917127071823,1.31341447105,0.0169020343757,0.0169020343757,1.31341447105,1.31341447105,1.03001049784,1.65042212996,0.0169020343757,0.0169020343757,0.0169020343757,0.0169020343757,1.33031650542
306,2017-05-10,0.919889502762,1.31463861278,0.0157095238346,0.0157095238346,1.31463861278,1.31463861278,1.00382698747,1.65007409851,0.0157095238346,0.0157095238346,0.0157095238346,0.0157095238346,1.33034813661
307,2017-05-11,0.922651933702,1.3158627545,-0.000525097159524,-0.000525097159524,1.3158627545,1.3158627545,0.977701498496,1.6248144162,-0.000525097159524,-0.000525097159524,-0.000525097159524,-0.000525097159524,1.31533765734
308,2017-05-12,0.925414364641,1.31708689623,-0.00703234098932,-0.00703234098932,1.31708689623,1.31708689623,0.980392372219,1.61839819712,-0.00703234098932,-0.00703234098932,-0.00703234098932,-0.00703234098932,1.31005455524
309,2017-05-13,0.92817679558,1.31831103796,-0.0016456853017,-0.0016456853017,1.31831103796,1.31831103796,0.997689907735,1.62729274285,-0.0016456853017,-0.0016456853017,-0.0016456853017,-0.0016456853017,1.31666535266
310,2017-05-14,0.930939226519,1.31953517969,-0.0113902612424,-0.0113902612424,1.31953517969,1.31953517969,0.994761962737,1.63244558943,-0.0113902612424,-0.0113902612424,-0.0113902612424,-0.0113902612424,1.30814491844
311,2017-05-15,0.933701657459,1.32075932141,-0.0120181735173,-0.0120181735173,1.32075932141,1.32075932141,0.983728909712,1.64599195731,-0.0120181735173,-0.0120181735173,-0.0120181735173,-0.0120181735173,1.3087411479
312,2017-05-16,0.936464088398,1.32198346314,0.0169020343757,0.0169020343757,1.32198346314,1.32198346314,1.01294279453,1.66645306265,0.0169020343757,0.0169020343757,0.0169020343757,0.0169020343757,1.33888549752
313,2017-05-17,0.939226519337,1.32320760487,0.0157095238346,0.0157095238346,1.32320760487,1.32320760487,1.02112998555,1.65897070354,0.0157095238346,0.0157095238346,0.0157095238346,0.0157095238346,1.3389171287
314,2017-05-18,0.941988950276,1.3244317466,-0.000525097159538,-0.000525097159538,1.3244317466,1.3244317466,0.995844552327,1.64517170111,-0.000525097159538,-0.000525097159538,-0.000525097159538,-0.000525097159538,1.32390664944
315,2017-05-19,0.944751381215,1.32565588832,-0.00703234098933,-0.00703234098933,1.32565588832,1.32565588832,1.00311092454,1.64200102768,-0.00703234098933,-0.00703234098933,-0.00703234098933,-0.00703234098933,1.31862354733
316,2017-05-20,0.947513812155,1.32688003005,-0.00164568530172,-0.00164568530172,1.32688003005,1.32688003005,0.996029123568,1.64825954187,-0.00164568530172,-0.00164568530172,-0.00164568530172,-0.00164568530172,1.32523434475
317,2017-05-21,0.950276243094,1.32810417178,-0.0113902612424,-0.0113902612424,1.32810417178,1.32810417178,1.00925077548,1.64614904583,-0.0113902612424,-0.0113902612424,-0.0113902612424,-0.0113902612424,1.31671391054
318,2017-05-22,0.953038674033,1.32932831351,-0.0120181735173,-0.0120181735173,1.32932831351,1.32932831351,0.983715889915,1.66022390913,-0.0120181735173,-0.0120181735173,-0.0120181735173,-0.0120181735173,1.31731013999
319,2017-05-23,0.955801104972,1.33055245523,0.0169020343758,0.0169020343758,1.33055245523,1.33055245523,1.02648346299,1.65993539012,0.0169020343758,0.0169020343758,0.0169020343758,0.0169020343758,1.34745448961
320,2017-05-24,0.958563535912,1.33177659696,0.0157095238346,0.0157095238346,1.33177659696,1.33177659696,1.02056692837,1.67665481441,0.0157095238346,0.0157095238346,0.0157095238346,0.0157095238346,1.3474861208
321,2017-05-25,0.961325966851,1.33300073869,-0.000525097159509,-0.000525097159509,1.33300073869,1.33300073869,1.02149766665,1.65807853424,-0.000525097159509,-0.000525097159509,-0.000525097159509,-0.000525097159509,1.33247564153
322,2017-05-26,0.96408839779,1.33422488042,-0.00703234098932,-0.00703234098932,1.33422488042,1.33422488042,1.01666962326,1.63196158335,-0.00703234098932,-0.00703234098932,-0.00703234098932,-0.00703234098932,1.32719253943
323,2017-05-27,0.966850828729,1.33544902214,-0.0016456853017,-0.0016456853017,1.33544902214,1.33544902214,1.0318788305,1.64121076666,-0.0016456853017,-0.0016456853017,-0.0016456853017,-0.0016456853017,1.33380333684
324,2017-05-28,0.969613259669,1.33667316387,-0.0113902612424,-0.0113902612424,1.33667316387,1.33667316387,0.982467975586,1.62180335258,-0.0113902612424,-0.0113902612424,-0.0113902612424,-0.0113902612424,1.32528290263
325,2017-05-29,0.972375690608,1.3378973056,-0.0120181735173,-0.0120181735173,1.3378973056,1.3378973056,0.99551251693,1.6543115132,-0.0120181735173,-0.0120181735173,-0.0120181735173,-0.0120181735173,1.32587913208
326,2017-05-30,0.975138121547,1.33912144733,0.0169020343758,0.0169020343758,1.33912144733,1.33912144733,1.05299103687,1.66188480741,0.0169020343758,0.0169020343758,0.0169020343758,0.0169020343758,1.3560234817
327,2017-05-31,0.977900552486,1.34034558905,0.0157095238346,0.0157095238346,1.34034558905,1.34034558905,1.04209036212,1.6829348031,0.0157095238346,0.0157095238346,0.0157095238346,0.0157095238346,1.35605511289
328,2017-06-01,0.980662983425,1.34156973078,-0.000525097159523,-0.000525097159523,1.34156973078,1.34156973078,1.01254787143,1.64831698477,-0.000525097159523,-0.000525097159523,-0.000525097159523,-0.000525097159523,1.34104463362
329,2017-06-02,0.983425414365,1.34279387251,-0.00703234098933,-0.00703234098933,1.34279387251,1.34279387251,1.02328641186,1.66132295049,-0.00703234098933,-0.00703234098933,-0.00703234098933,-0.00703234098933,1.33576153152
330,2017-06-03,0.986187845304,1.34401801424,-0.0016456853017,-0.0016456853017,1.34401801424,1.34401801424,1.05609446744,1.65902326054,-0.0016456853017,-0.0016456853017,-0.0016456853017,-0.0016456853017,1.34237232893
331,2017-06-04,0.988950276243,1.34524215596,-0.0113902612425,-0.0113902612425,1.34524215596,1.34524215596,1.01508461826,1.64789602875,-0.0113902612425,-0.0113902612425,-0.0113902612425,-0.0113902612425,1.33385189472
332,2017-06-05,0.991712707182,1.34646629769,-0.0120181735173,-0.0120181735173,1.34646629769,1.34646629769,0.990878845194,1.64023798143,-0.0120181735173,-0.0120181735173,-0.0120181735173,-0.0120181735173,1.33444812417
333,2017-06-06,0.994475138122,1.34769043942,0.0169020343757,0.0169020343757,1.34769043942,1.34769043942,1.04342296076,1.6856602089,0.0169020343757,0.0169020343757,0.0169020343757,0.0169020343757,1.36459247379
334,2017-06-07,0.997237569061,1.34891458115,0.0157095238346,0.0157095238346,1.34891458115,1.34891458115,1.06426295662,1.67503687529,0.0157095238346,0.0157095238346,0.0157095238346,0.0157095238346,1.36462410498
335,2017-06-08,1.0,1.35013872287,-0.000525097159538,-0.000525097159538,1.35013872287,1.35013872287,1.05014224164,1.68084407584,-0.000525097159538,-0.000525097159538,-0.000525097159538,-0.000525097159538,1.34961362571
336,2017-06-09,1.00276243094,1.3513628646,-0.00703234098932,-0.00703234098932,1.3513628646,1.3513628646,1.00911721525,1.66895465837,-0.00703234098932,-0.00703234098932,-0.00703234098932,-0.00703234098932,1.34433052361
337,2017-06-10,1.00552486188,1.35258700633,-0.0016456853017,-0.0016456853017,1.35258700633,1.35258700633,1.03629966833,1.68688131259,-0.0016456853017,-0.0016456853017,-0.0016456853017,-0.0016456853017,1.35094132103
338,2017-06-11,1.00828729282,1.35381114806,-0.0113902612425,-0.0113902612425,1.35381114806,1.35397841985,1.00179283211,1.64442722901,-0.0113902612425,-0.0113902612425,-0.0113902612425,-0.0113902612425,1.34242088681
339,2017-06-12,1.01104972376,1.35503528978,-0.0120181735173,-0.0120181735173,1.35488930217,1.35571047258,1.03047365184,1.66281987462,-0.0120181735173,-0.0120181735173,-0.0120181735173,-0.0120181735173,1.34301711627
340,2017-06-13,1.0138121547,1.35625943151,0.0169020343758,0.0169020343758,1.35562354646,1.35776666545,1.07860908311,1.69531353654,0.0169020343758,0.0169020343758,0.0169020343758,0.0169020343758,1.37316146589
341,2017-06-14,1.01657458564,1.35748357324,0.0157095238346,0.0157095238346,1.35610475474,1.35986050462,1.05577924091,1.70819997511,0.0157095238346,0.0157095238346,0.0157095238346,0.0157095238346,1.37319309707
342,2017-06-15,1.01933701657,1.35870771497,-0.000525097159553,-0.000525097159553,1.356348259,1.36210837063,1.03022601855,1.68065745305,-0.000525097159553,-0.000525097159553,-0.000525097159553,-0.000525097159553,1.35818261781
343,2017-06-16,1.02209944751,1.35993185669,-0.00703234098932,-0.00703234098932,1.35645004216,1.36436651355,1.04791916189,1.67354923435,-0.00703234098932,-0.00703234098932,-0.00703234098932,-0.00703234098932,1.3528995157
344,2017-06-17,1.02486187845,1.36115599842,-0.00164568530171,-0.00164568530171,1.35667357824,1.36700325559,1.04106718475,1.67348930789,-0.00164568530171,-0.00164568530171,-0.00164568530171,-0.00164568530171,1.35951031312
345,2017-06-18,1.02762430939,1.36238014015,-0.0113902612425,-0.0113902612425,1.35633868451,1.37005988201,0.999816319407,1.67141123551,-0.0113902612425,-0.0113902612425,-0.0113902612425,-0.0113902612425,1.35098987891
346,2017-06-19,1.03038674033,1.36360428188,-0.0120181735173,-0.0120181735173,1.35603313408,1.37320522368,1.02527326441,1.67395164715,-0.0120181735173,-0.0120181735173,-0.0120181735173,-0.0120181735173,1.35158610836
347,2017-06-20,1.03314917127,1.3648284236,0.0169020343757,0.0169020343757,1.35560415009,1.3763104518,1.0850328189,1.68788182505,0.0169020343757,0.0169020343757,0.0169020343757,0.0169020343757,1.38173045798
348,2017-06-21,1.03591160221,1.36605256533,0.0157095238346,0.0157095238346,1.35519232914,1.37904911078,1.07892390912,1.69445438542,0.0157095238346,0.0157095238346,0.0157095238346,0.0157095238346,1.38176208917
349,2017-06-22,1.03867403315,1.36727670706,-0.000525097159523,-0.000525097159523,1.35500645317,1.38173295145,1.04829242957,1.68428051247,-0.000525097159523,-0.000525097159523,-0.000525097159523,-0.000525097159523,1.3667516099
350,2017-06-23,1.04143646409,1.36850084879,-0.00703234098932,-0.00703234098932,1.35444489529,1.38505332268,1.03298305922,1.69916098642,-0.00703234098932,-0.00703234098932,-0.00703234098932,-0.00703234098932,1.3614685078
351,2017-06-24,1.04419889503,1.36972499051,-0.0016456853017,-0.0016456853017,1.3538245483,1.38798213368,1.05432400089,1.68006643778,-0.0016456853017,-0.0016456853017,-0.0016456853017,-0.0016456853017,1.36807930521
352,2017-06-25,1.04696132597,1.37094913224,-0.0113902612425,-0.0113902612425,1.35339927699,1.39179273713,1.04339349895,1.68047931453,-0.0113902612425,-0.0113902612425,-0.0113902612425,-0.0113902612425,1.359558871
353,2017-06-26,1.04972375691,1.37217327397,-0.0120181735173,-0.0120181735173,1.35213174231,1.39486814214,1.0445712026,1.6847922222,-0.0120181735173,-0.0120181735173,-0.0120181735173,-0.0120181735173,1.36015510045
354,2017-06-27,1.05248618785,1.3733974157,0.0169020343757,0.0169020343757,1.35126242431,1.3983330826,1.07592451646,1.71530890122,0.0169020343757,0.0169020343757,0.0169020343757,0.0169020343757,1.39029945007
355,2017-06-28,1.05524861878,1.37462155742,0.0157095238346,0.0157095238346,1.35064915885,1.40152590824,1.08871912098,1.7384317002,0.0157095238346,0.0157095238346,0.0157095238346,0.0157095238346,1.39033108126
356,2017-06-29,1.05801104972,1.37584569915,-0.000525097159549,-0.000525097159549,1.34961212461,1.40455816731,1.03419247935,1.69022698626,-0.000525097159549,-0.000525097159549,-0.000525097159549,-0.000525097159549,1.37532060199
357,2017-06-30,1.06077348066,1.37706984088,-0.00703234098932,-0.00703234098932,1.3473303784,1.40804259481,1.05014219535,1.68228043092,-0.00703234098932,-0.00703234098932,-0.00703234098932,-0.00703234098932,1.37003749989
358,2017-07-01,1.0635359116,1.37829398261,-0.00164568530172,-0.00164568530172,1.34610586224,1.41063059574,1.05109306828,1.70091416733,-0.00164568530172,-0.00164568530172,-0.00164568530172,-0.00164568530172,1.37664829731
359,2017-07-02,1.06629834254,1.37951812433,-0.0113902612425,-0.0113902612425,1.34555017143,1.41376711718,1.0582017272,1.70351532194,-0.0113902612425,-0.0113902612425,-0.0113902612425,-0.0113902612425,1.36812786309
360,2017-07-03,1.06906077348,1.38074226606,-0.0120181735173,-0.0120181735173,1.34374641076,1.41762850875,1.04510915529,1.70208933735,-0.0120181735173,-0.0120181735173,-0.0120181735173,-0.0120181735173,1.36872409254
361,2017-07-04,1.07182320442,1.38196640779,0.0169020343757,0.0169020343757,1.34323049989,1.42113462749,1.0642854238,1.73060928071,0.0169020343757,0.0169020343757,0.0169020343757,0.0169020343757,1.39886844217
362,2017-07-05,1.07458563536,1.38319054952,0.0157095238346,0.0157095238346,1.34196460983,1.42606985389,1.08247331214,1.73287785177,0.0157095238346,0.0157095238346,0.0157095238346,0.0157095238346,1.39890007335
363,2017-07-06,1.0773480663,1.38441469124,-0.000525097159552,-0.000525097159552,1.340091466,1.42989243405,1.07077995548,1.68461686656,-0.000525097159552,-0.000525097159552,-0.000525097159552,-0.000525097159552,1.38388959409
364,2017-07-07,1.08011049724,1.38563883297,-0.00703234098934,-0.00703234098934,1.33839495183,1.43279637209,1.06536236606,1.68407021691,-0.00703234098934,-0.00703234098934,-0.00703234098934,-0.00703234098934,1.37860649198
365,2017-07-08,1.08287292818,1.3868629747,-0.0016456853017,-0.0016456853017,1.33709224818,1.43749856035,1.06453678125,1.71149983109,-0.0016456853017,-0.0016456853017,-0.0016456853017,-0.0016456853017,1.3852172894
366,2017-07-09,1.08563535912,1.38808711643,-0.0113902612425,-0.0113902612425,1.33598806615,1.44076026806,1.05902876765,1.70505973943,-0.0113902612425,-0.0113902612425,-0.0113902612425,-0.0113902612425,1.37669685519
367,2017-07-10,1.08839779006,1.38931125816,-0.0120181735173,-0.0120181735173,1.33504007464,1.4448261185,1.05134312979,1.7057955999,-0.0120181735173,-0.0120181735173,-0.0120181735173,-0.0120181735173,1.37729308464
368,2017-07-11,1.09116022099,1.39053539988,0.0169020343757,0.0169020343757,1.33381255085,1.44888343243,1.07589761368,1.72625162442,0.0169020343757,0.0169020343757,0.0169020343757,0.0169020343757,1.40743743426
369,2017-07-12,1.09392265193,1.39175954161,0.0157095238346,0.0157095238346,1.33296313021,1.45212313825,1.09974229459,1.71485009397,0.0157095238346,0.0157095238346,0.0157095238346,0.0157095238346,1.40746906544
370,2017-07-13,1.09668508287,1.39298368334,-0.000525097159522,-0.000525097159522,1.33009911772,1.4564005817,1.07492423031,1.73598414114,-0.000525097159522,-0.000525097159522,-0.000525097159522,-0.000525097159522,1.39245858618
371,2017-07-14,1.09944751381,1.39420782507,-0.00703234098933,-0.00703234098933,1.32823345158,1.46103023808,1.02643255488,1.73670832602,-0.00703234098933,-0.00703234098933,-0.00703234098933,-0.00703234098933,1.38717548408
372,2017-07-15,1.10220994475,1.39543196679,-0.00164568530171,-0.00164568530171,1.32693844826,1.46541746073,1.06933183357,1.70350224768,-0.00164568530171,-0.00164568530171,-0.00164568530171,-0.00164568530171,1.39378628149
373,2017-07-16,1.10497237569,1.39665610852,-0.0113902612425,-0.0113902612425,1.32523175942,1.47124068951,1.04636407772,1.72196851212,-0.0113902612425,-0.0113902612425,-0.0113902612425,-0.0113902612425,1.38526584728
374,2017-07-17,1.10773480663,1.39788025025,-0.0120181735173,-0.0120181735173,1.32452055069,1.47562855776,1.04260694908,1.72573176955,-0.0120181735173,-0.0120181735173,-0.0120181735173,-0.0120181735173,1.38586207673
375,2017-07-18,1.11049723757,1.39910439198,0.0169020343757,0.0169020343757,1.32206034317,1.48100928223,1.07325059894,1.75545019691,0.0169020343757,0.0169020343757,0.0169020343757,0.0169020343757,1.41600642635
376,2017-07-19,1.11325966851,1.4003285337,0.0157095238346,0.0157095238346,1.32017267635,1.48556579366,1.08611521533,1.72767027672,0.0157095238346,0.0157095238346,0.0157095238346,0.0157095238346,1.41603805754
377,2017-07-20,1.11602209945,1.40155267543,-0.000525097159548,-0.000525097159548,1.31806901784,1.49043729707,1.05955846775,1.75548192541,-0.000525097159548,-0.000525097159548,-0.000525097159548,-0.000525097159548,1.40102757827
378,2017-07-21,1.11878453039,1.40277681716,-0.00703234098932,-0.00703234098932,1.31500263532,1.4957313299,1.06771600309,1.71829654737,-0.00703234098932,-0.00703234098932,-0.00703234098932,-0.00703234098932,1.39574447617
379,2017-07-22,1.12154696133,1.40400095889,-0.0016456853017,-0.0016456853017,1.31313123797,1.50132378741,1.07694813412,1.73260481653,-0.0016456853017,-0.0016456853017,-0.0016456853017,-0.0016456853017,1.40235527358
380,2017-07-23,1.12430939227,1.40522510061,-0.0113902612425,-0.0113902612425,1.3112745255,1.50496458689,1.06490224984,1.71439959132,-0.0113902612425,-0.0113902612425,-0.0113902612425,-0.0113902612425,1.39383483937
381,2017-07-24,1.1270718232,1.40644924234,-0.0120181735173,-0.0120181735173,1.31020040302,1.50755774609,1.06682588746,1.73056566144,-0.0120181735173,-0.0120181735173,-0.0120181735173,-0.0120181735173,1.39443106882
382,2017-07-25,1.12983425414,1.40767338407,0.0169020343757,0.0169020343757,1.30821496188,1.51211215043,1.08772923213,1.7568007091,0.0169020343757,0.0169020343757,0.0169020343757,0.0169020343757,1.42457541844
383,2017-07-26,1.13259668508,1.4088975258,0.0157095238346,0.0157095238346,1.3058972879,1.51665714945,1.10068606767,1.78863610609,0.0157095238346,0.0157095238346,0.0157095238346,0.0157095238346,1.42460704963
384,2017-07-27,1.13535911602,1.41012166752,-0.000525097159552,-0.000525097159552,1.30472532344,1.52244429539,1.06396710044,1.74744087193,-0.000525097159552,-0.000525097159552,-0.000525097159552,-0.000525097159552,1.40959657036
385,2017-07-28,1.13812154696,1.41134580925,-0.00703234098933,-0.00703234098933,1.30232797229,1.52694530615,1.07000332443,1.77428942248,-0.00703234098933,-0.00703234098933,-0.00703234098933,-0.00703234098933,1.40431346826
386,2017-07-29,1.1408839779,1.41256995098,-0.00164568530172,-0.00164568530172,1.29968970425,1.53144396073,1.06674623039,1.76504988369,-0.00164568530172,-0.00164568530172,-0.00164568530172,-0.00164568530172,1.41092426568
387,2017-07-30,1.14364640884,1.41379409271,-0.0113902612425,-0.0113902612425,1.2956822911,1.53541858493,1.04934101502,1.7559065318,-0.0113902612425,-0.0113902612425,-0.0113902612425,-0.0113902612425,1.40240383146
388,2017-07-31,1.14640883978,1.41501823443,-0.0120181735173,-0.0120181735173,1.29243655031,1.53940338754,1.08431172817,1.77105786158,-0.0120181735173,-0.0120181735173,-0.0120181735173,-0.0120181735173,1.40300006092
389,2017-08-01,1.14917127072,1.41624237616,0.0169020343757,0.0169020343757,1.29002871465,1.54408966239,1.09679315268,1.79580548328,0.0169020343757,0.0169020343757,0.0169020343757,0.0169020343757,1.43314441054
390,2017-08-02,1.15193370166,1.41746651789,0.0157095238346,0.0157095238346,1.28608112545,1.55160226367,1.09670371484,1.78196032209,0.0157095238346,0.0157095238346,0.0157095238346,0.0157095238346,1.43317604172
391,2017-08-03,1.1546961326,1.41869065962,-0.000525097159499,-0.000525097159499,1.28366187211,1.55672421835,1.04413409667,1.7794387785,-0.000525097159499,-0.000525097159499,-0.000525097159499,-0.000525097159499,1.41816556246
392,2017-08-04,1.15745856354,1.41991480134,-0.00703234098932,-0.00703234098932,1.28216566266,1.56133701126,1.05069082304,1.76669243449,-0.00703234098932,-0.00703234098932,-0.00703234098932,-0.00703234098932,1.41288246035
393,2017-08-05,1.16022099448,1.42113894307,-0.00164568530171,-0.00164568530171,1.28070811007,1.56892256033,1.08597414356,1.7757144133,-0.00164568530171,-0.00164568530171,-0.00164568530171,-0.00164568530171,1.41949325777
394,2017-08-06,1.16298342541,1.4223630848,-0.0113902612425,-0.0113902612425,1.27872219825,1.5747243384,1.04810426113,1.79434460756,-0.0113902612425,-0.0113902612425,-0.0113902612425,-0.0113902612425,1.41097282356
395,2017-08-07,1.16574585635,1.42358722653,-0.0120181735173,-0.0120181735173,1.27742160963,1.58143204498,1.04869950875,1.78202318132,-0.0120181735173,-0.0120181735173,-0.0120181735173,-0.0120181735173,1.41156905301
396,2017-08-08,1.16850828729,1.42481136825,0.0169020343758,0.0169020343758,1.27491867507,1.58606494674,1.11396597604,1.7942742313,0.0169020343758,0.0169020343758,0.0169020343758,0.0169020343758,1.44171340263
397,2017-08-09,1.17127071823,1.42603550998,0.0157095238346,0.0157095238346,1.27416066967,1.59067383705,1.08583355627,1.80797348209,0.0157095238346,0.0157095238346,0.0157095238346,0.0157095238346,1.44174503382
398,2017-08-10,1.17403314917,1.42725965171,-0.000525097159503,-0.000525097159503,1.27175452507,1.59512766445,1.07930850737,1.81618053765,-0.000525097159503,-0.000525097159503,-0.000525097159503,-0.000525097159503,1.42673455455
399,2017-08-11,1.17679558011,1.42848379344,-0.00703234098933,-0.00703234098933,1.26826244461,1.60168224373,1.07543433381,1.79171868999,-0.00703234098933,-0.00703234098933,-0.00703234098933,-0.00703234098933,1.42145145245
400,2017-08-12,1.17955801105,1.42970793516,-0.00164568530171,-0.00164568530171,1.26526842775,1.60645863879,1.0542996581,1.80864335099,-0.00164568530171,-0.00164568530171,-0.00164568530171,-0.00164568530171,1.42806224986
401,2017-08-13,1.18232044199,1.43093207689,-0.0113902612425,-0.0113902612425,1.2609756787,1.61265552275,1.07202965571,1.82404540056,-0.0113902612425,-0.0113902612425,-0.0113902612425,-0.0113902612425,1.41954181565
402,2017-08-14,1.18508287293,1.43215621862,-0.0120181735173,-0.0120181735173,1.2590077603,1.61924842301,1.0589271966,1.81209737312,-0.0120181735173,-0.0120181735173,-0.0120181735173,-0.0120181735173,1.4201380451
403,2017-08-15,1.18784530387,1.43338036035,0.0169020343757,0.0169020343757,1.25440483856,1.62587731175,1.08618206836,1.85911054387,0.0169020343757,0.0169020343757,0.0169020343757,0.0169020343757,1.45028239472
404,2017-08-16,1.19060773481,1.43460450207,0.0157095238346,0.0157095238346,1.2508171654,1.63331120898,1.10681341837,1.80608362372,0.0157095238346,0.0157095238346,0.0157095238346,0.0157095238346,1.45031402591
405,2017-08-17,1.19337016575,1.4358286438,-0.000525097159529,-0.000525097159529,1.24813888793,1.6372805552,1.05439189777,1.82319155724,-0.000525097159529,-0.000525097159529,-0.000525097159529,-0.000525097159529,1.43530354664
406,2017-08-18,1.19613259669,1.43705278553,-0.00703234098934,-0.00703234098934,1.24523967902,1.64324802414,1.04122906701,1.81829575361,-0.00703234098934,-0.00703234098934,-0.00703234098934,-0.00703234098934,1.43002044454
407,2017-08-19,1.19889502762,1.43827692726,-0.00164568530172,-0.00164568530172,1.24323256629,1.64732281517,1.03256726918,1.81433091723,-0.00164568530172,-0.00164568530172,-0.00164568530172,-0.00164568530172,1.43663124195
408,2017-08-20,1.20165745856,1.43950106898,-0.0113902612424,-0.0113902612424,1.24070234291,1.65194777333,1.04381105287,1.82993136016,-0.0113902612424,-0.0113902612424,-0.0113902612424,-0.0113902612424,1.42811080774
409,2017-08-21,1.2044198895,1.44072521071,-0.0120181735173,-0.0120181735173,1.23495947409,1.65705336326,1.05544193819,1.82325033257,-0.0120181735173,-0.0120181735173,-0.0120181735173,-0.0120181735173,1.42870703719
410,2017-08-22,1.20718232044,1.44194935244,0.0169020343757,0.0169020343757,1.23241910248,1.66275826069,1.08326208631,1.85252385717,0.0169020343757,0.0169020343757,0.0169020343757,0.0169020343757,1.45885138681
411,2017-08-23,1.20994475138,1.44317349417,0.0157095238346,0.0157095238346,1.22716439392,1.66860728667,1.08200431595,1.86587727129,0.0157095238346,0.0157095238346,0.0157095238346,0.0157095238346,1.458883018
412,2017-08-24,1.21270718232,1.44439763589,-0.000525097159532,-0.000525097159532,1.22403386486,1.67536183324,1.02873196297,1.87422215242,-0.000525097159532,-0.000525097159532,-0.000525097159532,-0.000525097159532,1.44387253873
413,2017-08-25,1.21546961326,1.44562177762,-0.00703234098932,-0.00703234098932,1.22075345327,1.68106822101,1.03837386255,1.84131290807,-0.00703234098932,-0.00703234098932,-0.00703234098932,-0.00703234098932,1.43858943663
414,2017-08-26,1.2182320442,1.44684591935,-0.00164568530172,-0.00164568530172,1.21813660389,1.68429604356,1.05249118009,1.8590502305,-0.00164568530172,-0.00164568530172,-0.00164568530172,-0.00164568530172,1.44520023405
415,2017-08-27,1.22099447514,1.44807006108,-0.0113902612425,-0.0113902612425,1.21373886992,1.68992310004,1.03093601267,1.82146989513,-0.0113902612425,-0.0113902612425,-0.0113902612425,-0.0113902612425,1.43667979983
416,2017-08-28,1.22375690608,1.4492942028,-0.0120181735173,-0.0120181735173,1.21093413906,1.69660092382,1.04202593153,1.83305825456,-0.0120181735173,-0.0120181735173,-0.0120181735173,-0.0120181735173,1.43727602929
417,2017-08-29,1.22651933702,1.45051834453,0.0169020343758,0.0169020343758,1.20394086417,1.70468092775,1.04701257414,1.89823178645,0.0169020343758,0.0169020343758,0.0169020343758,0.0169020343758,1.46742037891
418,2017-08-30,1.22928176796,1.45174248626,0.0157095238346,0.0157095238346,1.19898823911,1.71067295428,1.06303955464,1.89506824669,0.0157095238346,0.0157095238346,0.0157095238346,0.0157095238346,1.46745201009
419,2017-08-31,1.2320441989,1.45296662799,-0.000525097159513,-0.000525097159513,1.19513738053,1.71652770804,1.0478818884,1.87789570043,-0.000525097159513,-0.000525097159513,-0.000525097159513,-0.000525097159513,1.45244153083
420,2017-09-01,1.23480662983,1.45419076971,-0.00703234098933,-0.00703234098933,1.19115171166,1.72505485221,1.03947548426,1.87810213904,-0.00703234098933,-0.00703234098933,-0.00703234098933,-0.00703234098933,1.44715842873
421,2017-09-02,1.23756906077,1.45541491144,-0.00164568530171,-0.00164568530171,1.18747382301,1.73075941272,1.04041525227,1.90310942934,-0.00164568530171,-0.00164568530171,-0.00164568530171,-0.00164568530171,1.45376922614
422,2017-09-03,1.24033149171,1.45663905317,-0.0113902612424,-0.0113902612424,1.18348188273,1.73609192294,1.01126539214,1.8730134497,-0.0113902612424,-0.0113902612424,-0.0113902612424,-0.0113902612424,1.44524879193
423,2017-09-04,1.24309392265,1.4578631949,-0.0120181735173,-0.0120181735173,1.17970211806,1.74262723047,1.02279438705,1.8864289466,-0.0120181735173,-0.0120181735173,-0.0120181735173,-0.0120181735173,1.44584502138
424,2017-09-05,1.24585635359,1.45908733662,0.0169020343757,0.0169020343757,1.17659650196,1.74785073174,1.05149225555,1.92983374809,0.0169020343757,0.0169020343757,0.0169020343757,0.0169020343757,1.475989371
425,2017-09-06,1.24861878453,1.46031147835,0.0157095238346,0.0157095238346,1.17391066788,1.75406622241,1.05853640712,1.91978026482,0.0157095238346,0.0157095238346,0.0157095238346,0.0157095238346,1.47602100219
